timestamp,axis1,axis2,axis3,steps,lux,inclineoff,inclinestanding,inclinesitting,inclinelying,sadeh,cole-kripke
2012-04-04T13:29:00Z,600,1025,891,5,0,0,10,0,50,1,1
2012-04-04T13:30:00Z,88,367,74,2,0,33,0,0,27,1,1
2012-04-04T13:31:00Z,493,646,622,4,0,33,20,1,6,1,1
2012-04-04T13:32:00Z,358,284,174,1,0,14,20,20,6,1,1
2012-04-04T13:33:00Z,290,341,77,5,0,30,20,0,10,1,1
2012-04-04T13:34:00Z,57,166,23,6,0,32,0,0,28,1,1
2012-04-04T13:35:00Z,158,240,40,9,0,46,10,0,4,1,1
2012-04-04T13:36:00Z,68,214,102,2,0,41,0,0,19,1,1
2012-04-04T13:37:00Z,1500,1562,1252,12,0,11,30,0,19,1,1
2012-04-04T13:38:00Z,165,296,59,4,0,4,10,0,46,1,1
2012-04-04T13:39:00Z,158,393,35,6,0,12,0,0,48,1,1
2012-04-04T13:40:00Z,0,0,0,0,0,2,0,0,58,1,1
2012-04-04T13:41:00Z,0,0,0,0,0,12,0,0,48,1,1
2012-04-04T13:42:00Z,376,790,841,5,0,0,20,0,40,1,1
2012-04-04T13:43:00Z,134,306,53,5,0,3,10,0,47,1,1
2012-04-04T13:44:00Z,77,547,75,7,0,13,0,0,47,1,1
2012-04-04T13:45:00Z,288,543,204,3,0,9,10,0,41,1,1
2012-04-04T13:46:00Z,1386,1287,1124,9,0,12,30,0,18,1,1
2012-04-04T13:47:00Z,0,0,0,0,0,1,0,0,59,1,1
2012-04-04T13:48:00Z,503,795,436,5,0,7,10,0,43,1,1
2012-04-04T13:49:00Z,2907,2777,3123,29,12,0,50,10,0,1,1
2012-04-04T13:50:00Z,1992,2225,1843,18,11,0,30,30,0,1,1
2012-04-04T13:51:00Z,5112,2622,2273,25,1659,0,60,0,0,1,1
2012-04-04T13:52:00Z,1993,940,448,4,2399,0,30,30,0,1,1
2012-04-04T13:53:00Z,2185,964,516,4,2391,0,37,23,0,1,1
2012-04-04T13:54:00Z,3274,2091,1689,16,1942,0,50,10,0,1,1
2012-04-04T13:55:00Z,4822,3794,4071,54,11,0,60,0,0,1,1
2012-04-04T13:56:00Z,1157,714,1172,5,0,47,10,0,3,1,1
2012-04-04T13:57:00Z,26,89,10,2,0,13,0,0,47,1,1
2012-04-04T13:58:00Z,204,310,23,9,0,32,10,0,18,1,1
2012-04-04T13:59:00Z,63,61,4,1,0,8,0,0,52,1,1
2012-04-04T14:00:00Z,49,95,42,2,0,6,0,0,54,1,1
2012-04-04T14:01:00Z,1246,1337,1022,14,0,0,20,0,40,1,1
2012-04-04T14:02:00Z,5491,3833,4974,39,4,0,60,0,0,1,1
2012-04-04T14:03:00Z,4055,3630,4908,33,0,0,50,10,0,1,1
2012-04-04T14:04:00Z,5809,5713,6034,30,0,0,60,0,0,1,1
2012-04-04T14:05:00Z,737,645,624,6,0,24,10,0,26,1,1
2012-04-04T14:06:00Z,0,0,0,0,0,11,0,0,49,1,1
2012-04-04T14:07:00Z,14,4,0,0,0,44,0,0,16,1,1
2012-04-04T14:08:00Z,0,0,0,0,0,60,0,0,0,1,1
2012-04-04T14:09:00Z,0,0,0,0,0,60,0,0,0,1,1
2012-04-04T14:10:00Z,0,0,0,0,0,60,0,0,0,1,1
2012-04-04T14:11:00Z,3646,3694,4366,37,0,9,50,0,1,1,1
2012-04-04T14:12:00Z,462,467,391,5,0,0,10,0,50,1,1
2012-04-04T14:13:00Z,224,487,130,8,0,3,10,0,47,1,1
2012-04-04T14:14:00Z,57,104,25,5,0,4,0,0,56,1,1
2012-04-04T14:15:00Z,0,0,0,0,0,0,0,0,60,1,1
2012-04-04T14:16:00Z,0,0,0,0,0,0,0,0,60,1,0
2012-04-04T14:17:00Z,202,400,37,6,0,3,10,0,47,1,1
2012-04-04T14:18:00Z,282,384,81,14,0,7,10,0,43,1,1
2012-04-04T14:19:00Z,487,462,224,8,0,5,20,0,35,1,1
2012-04-04T14:20:00Z,59,111,11,3,0,11,0,0,49,1,0
2012-04-04T14:21:00Z,108,168,37,7,0,9,0,0,51,1,1
2012-04-04T14:22:00Z,0,0,0,0,0,0,0,0,60,1,0
2012-04-04T14:23:00Z,148,269,40,7,0,12,10,0,38,1,1
2012-04-04T14:24:00Z,46,275,46,3,0,48,0,0,12,1,0
2012-04-04T14:25:00Z,597,1069,455,11,0,11,20,2,27,1,1
2012-04-04T14:26:00Z,275,552,90,12,0,4,20,0,36,1,1
2012-04-04T14:27:00Z,640,458,350,4,0,13,30,0,17,1,1
2012-04-04T14:28:00Z,412,344,288,12,0,14,10,0,36,1,1
2012-04-04T14:29:00Z,376,469,174,9,0,14,10,0,36,1,1
2012-04-04T14:30:00Z,1160,861,756,11,0,4,20,0,36,1,1
2012-04-04T14:31:00Z,4629,4671,4390,37,0,0,60,0,0,1,1
2012-04-04T14:32:00Z,0,0,0,0,0,8,0,0,52,1,1
2012-04-04T14:33:00Z,7,219,56,1,0,20,0,0,40,1,1
2012-04-04T14:34:00Z,5166,3290,5096,34,84,0,60,0,0,1,1
2012-04-04T14:35:00Z,4352,3996,3740,34,15,0,50,0,10,1,1
2012-04-04T14:36:00Z,0,2,0,0,0,5,0,0,55,1,1
2012-04-04T14:37:00Z,5152,2869,2709,22,581,10,50,0,0,1,1
2012-04-04T14:38:00Z,5168,1801,816,5,1366,0,60,0,0,1,1
2012-04-04T14:39:00Z,4446,3023,1949,24,1389,0,60,0,0,1,1
2012-04-04T14:40:00Z,358,411,616,7,0,0,20,40,0,1,1
2012-04-04T14:41:00Z,1938,1622,1459,20,0,0,40,20,0,1,1
2012-04-04T14:42:00Z,4373,2092,2246,12,455,0,30,30,0,1,1
2012-04-04T14:43:00Z,3453,3516,3592,38,185,0,40,20,0,1,1
2012-04-04T14:44:00Z,979,883,284,16,0,6,40,0,14,1,1
2012-04-04T14:45:00Z,354,476,24,17,0,23,30,0,7,1,1
2012-04-04T14:46:00Z,908,1103,415,8,0,36,20,0,4,1,1
2012-04-04T14:47:00Z,2157,1489,2802,18,0,26,30,0,4,1,1
2012-04-04T14:48:00Z,262,678,74,10,0,33,0,0,27,1,1
2012-04-04T14:49:00Z,284,381,36,15,0,36,0,0,24,1,1
2012-04-04T14:50:00Z,622,1192,598,10,0,22,10,0,28,1,1
2012-04-04T14:51:00Z,482,432,632,3,0,2,20,0,38,1,1
2012-04-04T14:52:00Z,0,0,0,0,0,0,0,0,60,1,1
2012-04-04T14:53:00Z,3,101,5,0,0,1,0,0,59,1,1
2012-04-04T14:54:00Z,13,33,23,0,0,2,0,0,58,1,1
2012-04-04T14:55:00Z,336,333,293,4,0,28,10,0,22,1,1
2012-04-04T14:56:00Z,102,156,292,2,0,5,10,20,25,1,0
2012-04-04T14:57:00Z,243,463,195,2,0,1,10,0,49,1,0
2012-04-04T14:58:00Z,0,0,0,0,0,0,0,0,60,1,0
2012-04-04T14:59:00Z,26,21,0,1,0,18,0,0,42,1,0
2012-04-04T15:00:00Z,110,215,33,3,0,7,0,0,53,1,0
2012-04-04T15:01:00Z,157,259,45,6,0,5,10,0,45,1,1
2012-04-04T15:02:00Z,138,435,64,5,0,17,0,0,43,1,0
2012-04-04T15:03:00Z,283,569,114,11,0,12,10,0,38,1,1
2012-04-04T15:04:00Z,2,16,8,0,0,0,0,0,60,1,1
2012-04-04T15:05:00Z,379,342,250,6,0,5,10,0,45,1,1
2012-04-04T15:06:00Z,408,368,409,6,0,3,20,0,37,1,1
2012-04-04T15:07:00Z,156,144,0,9,0,35,0,0,25,1,1
2012-04-04T15:08:00Z,80,271,34,3,0,9,0,0,51,1,1
2012-04-04T15:09:00Z,423,501,330,13,0,11,30,0,19,1,1
2012-04-04T15:10:00Z,41,37,94,1,0,0,0,0,60,1,1
2012-04-04T15:11:00Z,186,401,22,7,0,14,10,0,36,1,1
2012-04-04T15:12:00Z,111,263,34,5,0,6,10,0,44,1,1
2012-04-04T15:13:00Z,1139,1051,704,11,0,0,30,0,30,1,1
2012-04-04T15:14:00Z,0,0,0,0,0,0,0,0,60,1,1
2012-04-04T15:15:00Z,824,571,463,5,0,0,20,0,40,1,1
2012-04-04T15:16:00Z,2622,3447,2232,29,0,16,40,0,4,1,1
2012-04-04T15:17:00Z,5883,3508,2846,28,2394,0,60,0,0,1,1
2012-04-04T15:18:00Z,2322,1467,706,18,3340,0,59,1,0,1,1
2012-04-04T15:19:00Z,3431,1683,1038,18,3231,0,60,0,0,1,1
2012-04-04T15:20:00Z,5248,3888,3903,49,984,0,60,0,0,1,1
2012-04-04T15:21:00Z,2444,2966,2481,19,11,0,50,0,10,1,1
2012-04-04T15:22:00Z,1195,1103,1455,12,0,0,20,0,40,1,1
2012-04-04T15:23:00Z,1014,1096,1162,11,13,3,40,0,17,1,1
2012-04-04T15:24:00Z,0,0,0,0,0,12,0,0,48,1,1
2012-04-04T15:25:00Z,0,94,67,0,0,6,0,0,54,1,1
2012-04-04T15:26:00Z,1324,1679,1240,12,0,1,20,0,39,1,1
2012-04-04T15:27:00Z,1093,1043,730,4,0,0,20,20,20,1,1
2012-04-04T15:28:00Z,871,1268,616,12,0,23,20,0,17,1,1
2012-04-04T15:29:00Z,263,466,282,3,0,0,10,0,50,1,1
2012-04-04T15:30:00Z,207,584,105,10,0,15,0,0,45,1,1
2012-04-04T15:31:00Z,99,327,27,6,0,4,0,0,56,1,1
2012-04-04T15:32:00Z,2380,2146,2547,22,0,0,50,0,10,1,1
2012-04-04T15:33:00Z,264,897,199,13,0,5,10,0,45,1,1
2012-04-04T15:34:00Z,206,661,153,9,0,2,10,0,48,1,1
2012-04-04T15:35:00Z,123,701,145,7,0,9,0,0,51,1,1
2012-04-04T15:36:00Z,386,769,204,9,28,5,30,0,25,1,1
2012-04-04T15:37:00Z,536,776,1003,5,0,0,10,0,50,1,1
2012-04-04T15:38:00Z,179,773,178,7,0,1,10,0,49,1,1
2012-04-04T15:39:00Z,28,68,6,2,0,0,0,0,60,1,1
2012-04-04T15:40:00Z,484,753,786,5,0,1,20,20,19,1,1
2012-04-04T15:41:00Z,8,93,0,1,0,0,0,60,0,1,1
2012-04-04T15:42:00Z,18,77,0,0,0,0,0,60,0,1,0
2012-04-04T15:43:00Z,24,144,7,1,0,0,0,60,0,1,0
2012-04-04T15:44:00Z,0,77,2,0,0,0,0,60,0,1,1
2012-04-04T15:45:00Z,675,777,476,4,6,0,30,30,0,1,1
2012-04-04T15:46:00Z,228,535,963,1,0,0,10,10,40,1,1
2012-04-04T15:47:00Z,8,224,487,1,0,0,0,0,60,1,0
2012-04-04T15:48:00Z,233,648,1260,7,0,0,10,0,50,1,1
2012-04-04T15:49:00Z,105,472,618,2,0,0,10,0,50,1,1
2012-04-04T15:50:00Z,1226,2336,2470,18,0,0,40,10,10,1,1
2012-04-04T15:51:00Z,106,1126,588,3,0,0,0,60,0,1,1
2012-04-04T15:52:00Z,58,413,159,2,0,0,0,60,0,1,1
2012-04-04T15:53:00Z,3,105,38,0,0,0,0,60,0,1,1
2012-04-04T15:54:00Z,440,783,368,4,0,0,20,40,0,1,1
2012-04-04T15:55:00Z,330,547,445,7,0,1,10,0,49,1,1
2012-04-04T15:56:00Z,443,623,394,6,0,2,10,0,48,1,1
2012-04-04T15:57:00Z,199,330,38,10,0,5,0,0,55,1,1
2012-04-04T15:58:00Z,103,141,4,5,0,7,0,0,53,1,1
2012-04-04T15:59:00Z,75,476,205,4,0,1,0,0,59,1,1
2012-04-04T16:00:00Z,68,462,64,3,0,6,0,0,54,1,1
2012-04-04T16:01:00Z,225,614,128,8,0,9,0,0,51,1,1
2012-04-04T16:02:00Z,557,549,207,10,25,0,40,0,20,1,1
2012-04-04T16:03:00Z,224,602,143,3,4,0,20,0,40,1,1
2012-04-04T16:04:00Z,78,256,44,2,0,5,0,0,55,1,1
2012-04-04T16:05:00Z,454,638,373,7,9,10,10,0,40,1,1
2012-04-04T16:06:00Z,0,0,6,0,0,0,0,0,60,1,1
2012-04-04T16:07:00Z,1087,985,442,8,37,0,40,0,20,1,1
2012-04-04T16:08:00Z,842,466,272,2,4,1,10,0,49,1,1
2012-04-04T16:09:00Z,5796,2778,3250,25,3085,0,60,0,0,1,1
2012-04-04T16:10:00Z,4506,1636,1155,10,5444,0,60,0,0,1,1
2012-04-04T16:11:00Z,6414,3725,3148,30,4815,0,60,0,0,1,1
2012-04-04T16:12:00Z,1749,1291,1289,19,14,0,40,0,20,1,1
2012-04-04T16:13:00Z,504,857,544,6,0,8,20,0,32,1,1
2012-04-04T16:14:00Z,573,1593,903,8,0,8,20,0,32,1,1
2012-04-04T16:15:00Z,34,153,22,0,0,4,0,0,56,1,1
2012-04-04T16:16:00Z,367,515,745,4,0,9,20,0,31,1,1
2012-04-04T16:17:00Z,0,0,8,0,0,0,0,0,60,1,1
2012-04-04T16:18:00Z,261,375,161,4,0,2,20,0,38,1,1
2012-04-04T16:19:00Z,0,0,0,0,0,0,0,0,60,1,0
2012-04-04T16:20:00Z,326,606,755,7,0,0,20,0,40,1,1
2012-04-04T16:21:00Z,353,687,450,3,0,0,10,0,50,1,1
2012-04-04T16:22:00Z,362,265,192,4,0,0,10,0,50,1,1
2012-04-04T16:23:00Z,370,591,253,4,0,2,20,0,38,1,1
2012-04-04T16:24:00Z,267,301,157,3,0,0,10,0,50,1,1
2012-04-04T16:25:00Z,189,495,301,3,0,0,20,0,40,1,1
2012-04-04T16:26:00Z,273,320,243,4,0,0,10,0,50,1,1
2012-04-04T16:27:00Z,182,651,225,4,0,1,10,0,49,1,1
2012-04-04T16:28:00Z,557,964,966,7,0,0,30,0,30,1,1
2012-04-04T16:29:00Z,2434,1781,2588,16,0,0,50,0,10,1,1
2012-04-04T16:30:00Z,391,541,623,6,0,0,20,0,40,1,1
2012-04-04T16:31:00Z,7,25,3,0,0,0,0,0,60,1,1
2012-04-04T16:32:00Z,76,205,117,2,0,0,10,0,50,1,1
2012-04-04T16:33:00Z,3287,3018,2921,23,0,0,50,0,10,1,1
2012-04-04T16:34:00Z,2412,1787,2434,26,3,0,40,19,1,1,1
2012-04-04T16:35:00Z,0,0,0,0,0,0,0,60,0,1,1
2012-04-04T16:36:00Z,674,656,359,3,0,0,20,40,0,1,1
2012-04-04T16:37:00Z,22,135,53,0,0,0,0,58,2,1,1
2012-04-04T16:38:00Z,754,1028,1100,9,3,0,20,40,0,1,1
2012-04-04T16:39:00Z,1235,1298,1089,14,0,16,30,0,14,1,1
2012-04-04T16:40:00Z,174,243,75,2,0,9,10,0,41,1,1
2012-04-04T16:41:00Z,1057,1280,1083,6,20,1,30,0,29,1,1
2012-04-04T16:42:00Z,271,408,354,3,0,0,20,0,40,1,1
2012-04-04T16:43:00Z,0,135,40,0,0,1,0,0,59,1,1
2012-04-04T16:44:00Z,0,0,0,0,0,2,0,0,58,1,0
2012-04-04T16:45:00Z,44,84,0,1,0,11,0,0,49,1,1
2012-04-04T16:46:00Z,35,36,0,1,0,6,0,0,54,1,0
2012-04-04T16:47:00Z,0,0,0,0,0,0,0,0,60,1,0
2012-04-04T16:48:00Z,0,5,0,0,25,18,0,0,42,0,0
2012-04-04T16:49:00Z,350,454,72,9,12,3,20,0,37,1,1
2012-04-04T16:50:00Z,813,957,741,8,21,0,20,0,40,1,1
2012-04-04T16:51:00Z,5350,4306,4732,58,638,0,60,0,0,1,1
2012-04-04T16:52:00Z,5173,2124,2056,10,4600,0,60,0,0,1,1
2012-04-04T16:53:00Z,6282,2592,1459,8,4512,0,60,0,0,1,1
2012-04-04T16:54:00Z,5207,3421,2575,32,1806,4,50,0,6,1,1
2012-04-04T16:55:00Z,0,0,0,0,0,23,0,0,37,1,1
2012-04-04T16:56:00Z,152,371,65,5,0,39,10,0,11,1,1
2012-04-04T16:57:00Z,39,58,4,1,0,60,0,0,0,1,1
2012-04-04T16:58:00Z,748,888,749,4,0,10,40,0,10,1,1
2012-04-04T16:59:00Z,118,304,92,6,0,0,0,0,60,1,1
2012-04-04T17:00:00Z,218,414,248,5,0,0,20,0,40,1,1
2012-04-04T17:01:00Z,422,440,196,2,0,0,10,0,50,1,1
2012-04-04T17:02:00Z,92,166,57,2,0,0,10,0,50,1,1
2012-04-04T17:03:00Z,0,0,0,0,0,0,0,0,60,1,0
2012-04-04T17:04:00Z,0,0,0,0,0,0,0,0,60,1,1
2012-04-04T17:05:00Z,570,407,208,9,11,0,30,0,30,1,1
2012-04-04T17:06:00Z,144,153,84,2,0,0,10,0,50,1,1
2012-04-04T17:07:00Z,0,31,11,0,0,0,0,0,60,1,0
2012-04-04T17:08:00Z,299,333,93,6,9,0,20,0,40,1,1
2012-04-04T17:09:00Z,48,104,61,1,0,0,0,0,60,1,1
2012-04-04T17:10:00Z,436,365,115,8,3,0,30,0,30,1,1
2012-04-04T17:11:00Z,304,311,60,10,44,0,20,0,40,1,1
2012-04-04T17:12:00Z,281,262,57,5,21,0,20,0,40,1,1
2012-04-04T17:13:00Z,113,76,10,2,8,0,10,0,50,1,0
2012-04-04T17:14:00Z,54,168,26,2,0,0,0,0,60,1,1
2012-04-04T17:15:00Z,0,0,0,0,0,0,0,0,60,1,0
2012-04-04T17:16:00Z,106,262,109,1,18,0,0,0,60,1,0
2012-04-04T17:17:00Z,246,353,105,5,18,0,10,0,50,1,1
2012-04-04T17:18:00Z,194,335,146,3,0,0,10,0,50,1,0
2012-04-04T17:19:00Z,172,408,167,4,0,0,20,0,40,1,0
2012-04-04T17:20:00Z,13,48,0,1,0,0,0,0,60,1,0
2012-04-04T17:21:00Z,0,2,0,0,0,0,0,0,60,1,1
2012-04-04T17:22:00Z,32,64,58,1,0,0,0,0,60,1,1
2012-04-04T17:23:00Z,1512,1616,2714,14,15,0,50,0,10,1,1
2012-04-04T17:24:00Z,114,205,101,5,37,0,0,0,60,1,1
2012-04-04T17:25:00Z,590,875,1034,10,27,0,30,0,30,1,1
2012-04-04T17:26:00Z,1067,1647,2762,19,47,0,60,0,0,1,1
2012-04-04T17:27:00Z,4352,3400,4015,45,35,0,60,0,0,1,1
2012-04-04T17:28:00Z,836,862,656,10,70,0,30,0,30,1,1
2012-04-04T17:29:00Z,1967,1739,1963,25,0,1,40,0,19,1,1
2012-04-04T17:30:00Z,6772,3294,2881,24,2695,0,60,0,0,1,1
2012-04-04T17:31:00Z,4758,1827,1194,6,4199,0,52,8,0,1,1
2012-04-04T17:32:00Z,4326,2676,2840,33,1805,0,50,10,0,1,1
2012-04-04T17:33:00Z,5236,3639,3273,28,11,0,50,0,10,1,1
2012-04-04T17:34:00Z,0,5,0,0,0,21,0,0,39,1,1
2012-04-04T17:35:00Z,161,217,105,2,0,0,10,0,50,1,1
2012-04-04T17:36:00Z,179,218,176,3,0,50,10,0,0,1,1
2012-04-04T17:37:00Z,0,6,0,0,0,60,0,0,0,1,1
2012-04-04T17:38:00Z,0,31,0,0,0,35,0,0,25,0,0
2012-04-04T17:39:00Z,0,0,0,0,0,1,0,0,59,0,0
2012-04-04T17:40:00Z,0,6,0,0,0,11,0,0,49,0,0
2012-04-04T17:41:00Z,0,0,0,0,0,60,0,0,0,0,0
2012-04-04T17:42:00Z,0,0,0,0,0,59,0,0,1,0,0
2012-04-04T17:43:00Z,0,0,0,0,0,60,0,0,0,0,0
2012-04-04T17:44:00Z,399,426,259,4,0,49,10,0,1,1,1
2012-04-04T17:45:00Z,917,1002,1148,9,0,28,30,0,2,1,1
2012-04-04T17:46:00Z,952,666,522,8,13,0,40,0,20,1,1
2012-04-04T17:47:00Z,1208,1069,1539,14,10,0,40,0,20,1,1
2012-04-04T17:48:00Z,1511,1575,1779,12,6,0,30,0,30,1,1
2012-04-04T17:49:00Z,4532,4228,4791,28,0,0,60,0,0,1,1
2012-04-04T17:50:00Z,4321,3438,2937,61,13,0,60,0,0,1,1
2012-04-04T17:51:00Z,2296,1656,1536,30,0,0,40,20,0,1,1
2012-04-04T17:52:00Z,4013,3373,2752,35,1131,0,50,10,0,1,1
2012-04-04T17:53:00Z,3866,3862,5422,29,1708,0,60,0,0,1,1
2012-04-04T17:54:00Z,572,846,1100,5,912,16,20,0,24,1,1
2012-04-04T17:55:00Z,197,104,73,2,1193,10,10,0,40,1,1
2012-04-04T17:56:00Z,511,775,267,3,1086,6,30,0,24,1,1
2012-04-04T17:57:00Z,647,579,268,1,1393,0,30,0,30,1,1
2012-04-04T17:58:00Z,0,24,14,0,1271,0,0,0,60,1,1
2012-04-04T17:59:00Z,101,295,97,2,905,0,10,0,50,1,1
2012-04-04T18:00:00Z,61,79,29,2,211,0,0,60,0,1,1
2012-04-04T18:01:00Z,473,446,617,3,474,0,10,20,30,1,1
2012-04-04T18:02:00Z,281,131,118,1,1123,0,10,0,50,1,1
2012-04-04T18:03:00Z,272,213,174,1,1126,0,10,0,50,1,1
2012-04-04T18:04:00Z,1,17,0,1,148,0,0,51,9,1,1
2012-04-04T18:05:00Z,747,524,955,4,481,0,20,13,27,1,1
2012-04-04T18:06:00Z,117,322,62,2,621,0,10,0,50,1,1
2012-04-04T18:07:00Z,4,0,0,0,1093,0,0,0,60,1,1
2012-04-04T18:08:00Z,85,149,355,0,932,0,10,0,50,1,1
2012-04-04T18:09:00Z,924,1093,457,4,879,0,20,0,40,1,1
2012-04-04T18:10:00Z,552,426,330,3,378,1,20,7,32,1,1
2012-04-04T18:11:00Z,975,1850,1130,8,701,0,30,9,21,1,1
2012-04-04T18:12:00Z,0,6,6,0,713,0,0,0,60,1,1
2012-04-04T18:13:00Z,160,160,80,0,641,0,10,0,50,1,1
2012-04-04T18:14:00Z,119,98,46,2,82,0,10,50,0,1,1
2012-04-04T18:15:00Z,1727,1202,1250,5,353,0,20,40,0,1,1
2012-04-04T18:16:00Z,3253,3526,4419,29,1416,0,50,0,10,1,1
2012-04-04T18:17:00Z,5467,5722,6756,41,894,0,60,0,0,1,1
2012-04-04T18:18:00Z,3958,3599,4124,37,0,0,60,0,0,1,1
2012-04-04T18:19:00Z,3912,2970,4022,32,141,0,50,0,10,1,1
2012-04-04T18:20:00Z,0,0,0,0,275,0,0,0,60,1,1
2012-04-04T18:21:00Z,0,0,0,0,272,0,0,0,60,1,1
2012-04-04T18:22:00Z,4765,4317,4368,54,130,0,60,0,0,1,1
2012-04-04T18:23:00Z,3067,2371,3508,20,0,0,60,0,0,1,1
2012-04-04T18:24:00Z,2921,3148,3948,32,0,0,50,7,3,1,1
2012-04-04T18:25:00Z,2284,1566,2667,23,5,0,50,10,0,1,1
2012-04-04T18:26:00Z,6363,5748,5344,31,1245,0,60,0,0,1,1
2012-04-04T18:27:00Z,3887,4389,4582,27,447,0,60,0,0,1,1
2012-04-04T18:28:00Z,1384,1923,1749,10,417,0,40,0,20,1,1
2012-04-04T18:29:00Z,628,691,775,3,563,0,10,0,50,1,1
2012-04-04T18:30:00Z,80,826,1626,4,833,0,0,0,60,1,1
2012-04-04T18:31:00Z,1072,1527,2187,10,692,1,40,0,19,1,1
2012-04-04T18:32:00Z,382,257,989,9,605,0,30,0,30,1,1
2012-04-04T18:33:00Z,29,269,803,1,1382,0,0,0,60,1,1
2012-04-04T18:34:00Z,138,461,1225,2,1291,0,0,0,60,1,1
2012-04-04T18:35:00Z,623,386,361,3,853,0,20,0,40,1,1
2012-04-04T18:36:00Z,710,568,1040,5,1094,0,30,0,30,1,1
2012-04-04T18:37:00Z,689,1034,876,5,927,7,30,0,23,1,1
2012-04-04T18:38:00Z,2444,3392,3607,20,373,0,40,0,20,1,1
2012-04-04T18:39:00Z,521,890,839,6,148,0,10,0,50,1,1
2012-04-04T18:40:00Z,10,55,8,1,110,0,0,0,60,1,1
2012-04-04T18:41:00Z,13,17,9,0,229,0,0,0,60,1,1
2012-04-04T18:42:00Z,0,0,0,0,423,0,0,0,60,1,1
2012-04-04T18:43:00Z,0,4,2,0,303,0,0,0,60,1,0
2012-04-04T18:44:00Z,429,465,590,2,335,0,10,0,50,1,1
2012-04-04T18:45:00Z,37,10,95,0,324,0,0,0,60,1,0
2012-04-04T18:46:00Z,0,0,0,0,278,0,0,0,60,1,1
2012-04-04T18:47:00Z,229,224,222,4,244,0,10,2,48,1,1
2012-04-04T18:48:00Z,2422,3414,2067,18,61,0,50,10,0,1,1
2012-04-04T18:49:00Z,6228,4552,4998,57,640,0,60,0,0,1,1
2012-04-04T18:50:00Z,9143,6415,4266,78,188,0,60,0,0,1,1
2012-04-04T18:51:00Z,6074,3510,2704,89,0,0,60,0,0,1,1
2012-04-04T18:52:00Z,8004,5932,4721,84,18,0,60,0,0,1,1
2012-04-04T18:53:00Z,8340,5350,4368,58,27,0,60,0,0,1,1
2012-04-04T18:54:00Z,6616,3642,2735,83,5,0,60,0,0,1,1
2012-04-04T18:55:00Z,5390,2945,2557,73,15,0,60,0,0,1,1
2012-04-04T18:56:00Z,7810,5846,4260,75,14,0,60,0,0,1,1
2012-04-04T18:57:00Z,7070,3943,3010,85,9,0,60,0,0,1,1
2012-04-04T18:58:00Z,8887,4934,3303,70,10,0,60,0,0,1,1
2012-04-04T18:59:00Z,4964,2869,2203,93,4,0,60,0,0,1,1
2012-04-04T19:00:00Z,8501,5509,3731,58,0,0,60,0,0,1,1
2012-04-04T19:01:00Z,6389,3478,2914,88,8,0,60,0,0,1,1
2012-04-04T19:02:00Z,8323,4559,2614,89,56,0,60,0,0,1,1
2012-04-04T19:03:00Z,5212,2915,2010,70,0,0,57,3,0,1,1
2012-04-04T19:04:00Z,5033,3012,1887,92,0,0,60,0,0,1,1
2012-04-04T19:05:00Z,1081,1219,955,20,49,0,40,20,0,1,1
2012-04-04T19:06:00Z,5032,4083,5362,21,60,0,60,0,0,1,1
2012-04-04T19:07:00Z,3308,3089,2342,16,70,0,60,0,0,1,1
2012-04-04T19:08:00Z,2739,2065,4419,13,67,0,50,2,8,1,1
2012-04-04T19:09:00Z,3806,2627,2527,14,37,0,54,6,0,1,1
2012-04-04T19:10:00Z,1075,1511,927,9,42,0,31,29,0,1,1
2012-04-04T19:11:00Z,4622,3057,2710,26,62,0,60,0,0,1,1
2012-04-04T19:12:00Z,1467,733,1878,20,74,0,40,20,0,1,1
2012-04-04T19:13:00Z,876,471,1052,7,56,0,20,40,0,1,1
2012-04-04T19:14:00Z,2795,1208,1696,9,67,0,30,30,0,1,1
2012-04-04T19:15:00Z,1587,893,1160,5,50,0,40,20,0,1,1
2012-04-04T19:16:00Z,2204,1624,2524,14,41,0,46,14,0,1,1
2012-04-04T19:17:00Z,2363,968,871,9,62,0,40,20,0,1,1
2012-04-04T19:18:00Z,2681,1525,1573,17,53,0,40,20,0,1,1
2012-04-04T19:19:00Z,2198,1130,1065,9,51,0,40,20,0,1,1
2012-04-04T19:20:00Z,1305,640,754,7,27,0,20,40,0,1,1
2012-04-04T19:21:00Z,6034,3361,3709,29,64,0,60,0,0,1,1
2012-04-04T19:22:00Z,1990,1330,1381,13,85,0,30,30,0,1,1
2012-04-04T19:23:00Z,1022,741,1430,13,70,0,30,30,0,1,1
2012-04-04T19:24:00Z,1746,1576,2060,42,30,0,50,10,0,1,1
2012-04-04T19:25:00Z,1957,1894,1866,74,0,0,60,0,0,1,1
2012-04-04T19:26:00Z,1541,1322,1479,47,3,0,48,12,0,1,1
2012-04-04T19:27:00Z,2070,1842,1477,26,23,0,30,30,0,1,1
2012-04-04T19:28:00Z,5094,3489,3399,48,0,0,60,0,0,1,1
2012-04-04T19:29:00Z,7993,4191,4625,44,0,0,60,0,0,1,1
2012-04-04T19:30:00Z,7134,4829,6069,24,0,0,60,0,0,1,1
2012-04-04T19:31:00Z,4438,4325,3036,59,0,0,60,0,0,1,1
2012-04-04T19:32:00Z,2949,2062,1976,21,0,0,30,30,0,1,1
2012-04-04T19:33:00Z,1956,2666,2545,20,4,2,50,0,8,1,1
2012-04-04T19:34:00Z,684,1374,1483,10,46,0,30,0,30,1,1
2012-04-04T19:35:00Z,594,1792,1747,9,109,10,40,0,10,1,1
2012-04-04T19:36:00Z,0,0,148,0,0,0,0,0,60,1,1
2012-04-04T19:37:00Z,198,397,503,2,0,0,10,0,50,1,1
2012-04-04T19:38:00Z,753,828,1001,6,0,0,40,9,11,1,1
2012-04-04T19:39:00Z,573,1580,2141,6,8,2,20,0,38,1,1
2012-04-04T19:40:00Z,121,395,476,3,21,0,10,0,50,1,1
2012-04-04T19:41:00Z,889,1255,1196,7,9,0,41,9,10,1,1
2012-04-04T19:42:00Z,930,1350,1635,6,111,0,50,0,10,1,1
2012-04-04T19:43:00Z,886,1535,1807,6,14,0,40,0,20,1,1
2012-04-04T19:44:00Z,805,1844,1377,10,24,0,30,0,30,1,1
2012-04-04T19:45:00Z,918,2365,2634,12,94,0,40,10,10,1,1
2012-04-04T19:46:00Z,674,1563,1863,4,66,0,20,0,40,1,1
2012-04-04T19:47:00Z,263,1978,2668,2,61,2,10,1,47,1,1
2012-04-04T19:48:00Z,418,1536,2818,6,101,0,20,0,40,1,1
2012-04-04T19:49:00Z,427,628,1158,2,118,0,10,0,50,1,1
2012-04-04T19:50:00Z,242,838,1463,3,121,10,10,0,40,1,1
2012-04-04T19:51:00Z,1228,1241,999,9,261,0,40,0,20,1,1
2012-04-04T19:52:00Z,216,933,701,1,936,35,10,0,15,1,1
2012-04-04T19:53:00Z,724,587,832,4,1071,40,20,0,0,1,1
2012-04-04T19:54:00Z,486,1170,1713,7,169,27,20,0,13,1,1
2012-04-04T19:55:00Z,3082,3126,3148,19,67,0,50,10,0,1,1
2012-04-04T19:56:00Z,2597,3081,2089,22,55,0,60,0,0,1,1
2012-04-04T19:57:00Z,1376,1924,2448,14,57,0,30,0,30,1,1
2012-04-04T19:58:00Z,1197,3473,3954,15,0,0,60,0,0,1,1
2012-04-04T19:59:00Z,1179,3202,4147,20,0,0,50,3,7,1,1
2012-04-04T20:00:00Z,1910,2989,2683,27,5,0,50,0,10,1,1
2012-04-04T20:01:00Z,58,265,403,2,0,0,0,5,55,1,1
2012-04-04T20:02:00Z,6,33,132,0,0,0,0,3,57,1,1
2012-04-04T20:03:00Z,975,941,1480,7,33,0,30,0,30,1,1
2012-04-04T20:04:00Z,1545,2010,2227,10,12,3,30,17,10,1,1
2012-04-04T20:05:00Z,547,1755,1924,7,0,0,20,40,0,1,1
2012-04-04T20:06:00Z,760,1896,2220,10,0,0,40,2,18,1,1
2012-04-04T20:07:00Z,1320,1299,2264,8,0,0,50,0,10,1,1
2012-04-04T20:08:00Z,448,536,474,2,0,10,20,0,30,1,1
2012-04-04T20:09:00Z,1688,1372,1423,13,6,14,30,0,16,1,1
2012-04-04T20:10:00Z,2071,1462,1642,13,86,0,40,10,10,1,1
2012-04-04T20:11:00Z,652,964,636,3,157,0,30,0,30,1,1
2012-04-04T20:12:00Z,417,532,462,4,164,0,20,0,40,1,1
2012-04-04T20:13:00Z,16,467,1125,1,243,0,0,0,60,1,1
2012-04-04T20:14:00Z,847,867,769,7,33,0,31,29,0,1,1
2012-04-04T20:15:00Z,1347,1376,1565,5,193,0,40,0,20,1,1
2012-04-04T20:16:00Z,41,293,202,2,128,1,0,0,59,1,1
2012-04-04T20:17:00Z,1861,1646,1502,9,37,0,40,0,20,1,1
2012-04-04T20:18:00Z,674,821,1250,7,132,0,20,0,40,1,1
2012-04-04T20:19:00Z,1057,2757,3652,12,182,0,50,0,10,1,1
2012-04-04T20:20:00Z,1220,2520,3135,14,148,0,50,0,10,1,1
2012-04-04T20:21:00Z,802,1208,1206,7,282,20,30,1,9,1,1
2012-04-04T20:22:00Z,552,1092,2634,9,231,0,20,0,40,1,1
2012-04-04T20:23:00Z,590,1446,2373,8,44,0,30,0,30,1,1
2012-04-04T20:24:00Z,3473,3446,3987,46,11,0,60,0,0,1,1
2012-04-04T20:25:00Z,3218,2759,2998,72,0,0,60,0,0,1,1
2012-04-04T20:26:00Z,4476,3127,4070,28,0,0,60,0,0,1,1
2012-04-04T20:27:00Z,5672,1914,637,8,0,0,60,0,0,1,1
2012-04-04T20:28:00Z,6177,4156,3621,18,0,0,60,0,0,1,1
2012-04-04T20:29:00Z,2411,3567,2937,15,0,5,40,9,6,1,1
2012-04-04T20:30:00Z,1011,1818,2065,10,0,0,40,20,0,1,1
2012-04-04T20:31:00Z,316,371,499,4,0,4,10,36,10,1,1
2012-04-04T20:32:00Z,16,105,8,0,0,0,0,56,4,1,1
2012-04-04T20:33:00Z,611,761,838,5,0,0,20,8,32,1,1
2012-04-04T20:34:00Z,13,0,0,0,0,0,0,0,60,1,1
2012-04-04T20:35:00Z,560,587,420,5,0,0,10,0,50,1,1
2012-04-04T20:36:00Z,4,0,0,0,0,0,0,2,58,1,0
2012-04-04T20:37:00Z,0,17,12,0,0,0,0,0,60,1,1
2012-04-04T20:38:00Z,42,5,0,1,0,0,0,5,55,1,0
2012-04-04T20:39:00Z,29,0,0,0,0,0,0,0,60,0,0
2012-04-04T20:40:00Z,0,11,10,0,0,0,0,0,60,0,0
2012-04-04T20:41:00Z,17,9,27,0,0,0,0,0,60,0,0
2012-04-04T20:42:00Z,0,3,9,0,0,0,0,0,60,0,0
2012-04-04T20:43:00Z,1,15,9,0,0,0,0,0,60,0,0
2012-04-04T20:44:00Z,0,0,0,0,0,0,0,0,60,0,0
2012-04-04T20:45:00Z,0,68,9,0,0,0,0,0,60,0,0
2012-04-04T20:46:00Z,0,0,0,0,0,0,0,0,60,0,0
2012-04-04T20:47:00Z,143,234,223,2,0,0,10,0,50,1,0
2012-04-04T20:48:00Z,146,171,144,1,0,0,10,0,50,1,0
2012-04-04T20:49:00Z,0,0,0,0,0,0,0,0,60,1,1
2012-04-04T20:50:00Z,609,812,606,5,0,0,10,0,50,1,1
2012-04-04T20:51:00Z,3627,5023,5325,27,11,0,60,0,0,1,1
2012-04-04T20:52:00Z,3812,3428,4327,28,91,0,60,0,0,1,1
2012-04-04T20:53:00Z,5252,5579,4667,35,147,0,60,0,0,1,1
2012-04-04T20:54:00Z,2498,2730,3525,18,234,0,50,0,10,1,1
2012-04-04T20:55:00Z,4791,4100,4208,24,208,0,60,0,0,1,1
2012-04-04T20:56:00Z,5687,3929,4833,32,18,0,60,0,0,1,1
2012-04-04T20:57:00Z,5740,4146,5586,32,0,0,60,0,0,1,1
2012-04-04T20:58:00Z,7245,6043,6836,40,0,0,60,0,0,1,1
2012-04-04T20:59:00Z,5879,5035,5375,24,0,0,60,0,0,1,1
2012-04-04T21:00:00Z,5288,5122,5113,29,47,0,50,0,10,1,1
2012-04-04T21:01:00Z,4277,2484,3954,25,0,0,60,0,0,1,1
2012-04-04T21:02:00Z,4520,3800,4390,38,50,0,60,0,0,1,1
2012-04-04T21:03:00Z,2916,2757,5649,26,197,0,60,0,0,1,1
2012-04-04T21:04:00Z,2268,3221,2602,16,542,0,30,30,0,1,1
2012-04-04T21:05:00Z,3180,3151,3633,26,150,0,40,0,20,1,1
2012-04-04T21:06:00Z,2900,2044,4071,20,174,0,50,0,10,1,1
2012-04-04T21:07:00Z,3309,3189,3397,26,60,0,50,10,0,1,1
2012-04-04T21:08:00Z,4010,3408,3273,73,121,0,60,0,0,1,1
2012-04-04T21:09:00Z,5329,5342,5914,61,84,0,60,0,0,1,1
2012-04-04T21:10:00Z,3581,3489,5584,38,244,0,60,0,0,1,1
2012-04-04T21:11:00Z,3749,2668,5655,51,258,0,60,0,0,1,1
2012-04-04T21:12:00Z,4197,4562,3555,34,467,0,60,0,0,1,1
2012-04-04T21:13:00Z,6130,3821,2983,24,0,0,60,0,0,1,1
2012-04-04T21:14:00Z,3808,2533,1489,9,0,0,60,0,0,1,1
2012-04-04T21:15:00Z,4924,2632,1309,8,0,0,60,0,0,1,1
2012-04-04T21:16:00Z,3007,3491,3496,28,40,0,60,0,0,1,1
2012-04-04T21:17:00Z,3471,4935,6297,40,170,0,60,0,0,1,1
2012-04-04T21:18:00Z,5781,6307,6922,34,0,0,60,0,0,1,1
2012-04-04T21:19:00Z,4293,3421,3626,24,10,0,60,0,0,1,1
2012-04-04T21:20:00Z,395,1002,1629,8,0,2,20,0,38,1,1
2012-04-04T21:21:00Z,1086,1480,2965,10,0,1,40,0,19,1,1
2012-04-04T21:22:00Z,1210,2261,941,9,0,1,40,10,9,1,1
2012-04-04T21:23:00Z,1429,1627,990,5,0,4,30,0,26,1,1
2012-04-04T21:24:00Z,609,929,447,3,0,1,20,0,39,1,1
2012-04-04T21:25:00Z,765,1101,1060,5,0,9,33,17,1,1,1
2012-04-04T21:26:00Z,727,856,1497,4,0,0,20,0,40,1,1
2012-04-04T21:27:00Z,381,449,481,1,0,0,10,0,50,1,1
2012-04-04T21:28:00Z,121,258,191,0,0,0,10,0,50,1,1
2012-04-04T21:29:00Z,580,949,191,4,0,8,10,0,42,1,1
2012-04-04T21:30:00Z,611,1067,335,3,0,15,20,0,25,1,1
2012-04-04T21:31:00Z,27,194,70,3,0,1,0,0,59,1,1
2012-04-04T21:32:00Z,688,644,506,3,0,2,10,0,48,1,1
2012-04-04T21:33:00Z,3762,2454,3309,37,0,0,40,0,20,1,1
2012-04-04T21:34:00Z,3108,2218,3245,19,0,0,50,0,10,1,1
2012-04-04T21:35:00Z,1008,1430,2342,12,0,0,30,3,27,1,1
2012-04-04T21:36:00Z,119,256,164,2,0,0,10,0,50,1,1
2012-04-04T21:37:00Z,727,565,520,5,0,0,20,0,40,1,1
2012-04-04T21:38:00Z,962,1046,1052,7,0,4,30,0,26,1,1
2012-04-04T21:39:00Z,1883,1407,1841,11,0,1,50,0,9,1,1
2012-04-04T21:40:00Z,5476,4206,4744,25,6,0,60,0,0,1,1
2012-04-04T21:41:00Z,3007,1964,2799,10,0,0,40,20,0,1,1
2012-04-04T21:42:00Z,3303,1844,1071,6,0,0,60,0,0,1,1
2012-04-04T21:43:00Z,5034,2820,2273,13,0,0,60,0,0,1,1
2012-04-04T21:44:00Z,3254,2442,3528,35,174,0,60,0,0,1,1
2012-04-04T21:45:00Z,3505,1960,3179,56,210,0,60,0,0,1,1
2012-04-04T21:46:00Z,3775,5111,5449,25,149,0,60,0,0,1,1
2012-04-04T21:47:00Z,2871,2627,3159,26,173,0,50,0,10,1,1
2012-04-04T21:48:00Z,1462,1870,1607,15,11,20,40,0,0,1,1
2012-04-04T21:49:00Z,1512,2913,1467,11,9,10,50,0,0,1,1
2012-04-04T21:50:00Z,1279,2204,1142,9,0,10,50,0,0,1,1
2012-04-04T21:51:00Z,847,1054,889,6,256,0,30,0,30,1,1
2012-04-04T21:52:00Z,493,1119,845,4,41,31,20,2,7,1,1
2012-04-04T21:53:00Z,477,503,453,3,0,40,20,0,0,1,1
2012-04-04T21:54:00Z,0,5,0,0,0,60,0,0,0,1,1
2012-04-04T21:55:00Z,0,0,0,0,0,60,0,0,0,1,1
2012-04-04T21:56:00Z,301,927,364,3,15,46,10,2,2,1,1
2012-04-04T21:57:00Z,359,1145,833,2,14,36,20,0,4,1,1
2012-04-04T21:58:00Z,0,46,0,0,0,60,0,0,0,1,1
2012-04-04T21:59:00Z,826,1578,944,8,0,10,40,10,0,1,1
2012-04-04T22:00:00Z,671,640,680,3,0,0,10,50,0,1,1
2012-04-04T22:01:00Z,500,1083,360,5,7,0,20,40,0,1,1
2012-04-04T22:02:00Z,678,1682,688,5,9,0,20,40,0,1,1
2012-04-04T22:03:00Z,0,10,44,0,0,0,0,60,0,1,1
2012-04-04T22:04:00Z,479,953,438,6,0,3,20,10,27,1,1
2012-04-04T22:05:00Z,1045,1202,490,3,0,0,30,0,30,1,1
2012-04-04T22:06:00Z,133,333,107,1,0,30,10,0,20,1,1
2012-04-04T22:07:00Z,364,610,370,3,0,50,10,0,0,1,1
2012-04-04T22:08:00Z,677,650,293,5,0,40,20,0,0,1,1
2012-04-04T22:09:00Z,572,1140,1054,5,0,40,20,0,0,1,1
2012-04-04T22:10:00Z,455,474,452,3,8,50,10,0,0,1,1
2012-04-04T22:11:00Z,1721,2468,2151,7,29,0,60,0,0,1,1
2012-04-04T22:12:00Z,1155,666,416,3,0,29,20,0,11,1,1
2012-04-04T22:13:00Z,56,146,15,1,0,28,0,15,17,1,1
2012-04-04T22:14:00Z,482,453,706,2,6,40,20,0,0,1,1
2012-04-04T22:15:00Z,712,623,454,4,0,0,20,29,11,1,1
2012-04-04T22:16:00Z,1095,1412,1084,6,112,30,30,0,0,1,1
2012-04-04T22:17:00Z,1370,1073,1153,9,3,40,20,0,0,1,1
2012-04-04T22:18:00Z,88,104,44,1,0,50,10,0,0,1,1
2012-04-04T22:19:00Z,2281,3205,2273,13,21,20,40,0,0,1,1
2012-04-04T22:20:00Z,3064,3316,2647,25,5,0,60,0,0,1,1
2012-04-04T22:21:00Z,4806,3721,2795,24,9,0,60,0,0,1,1
2012-04-04T22:22:00Z,174,181,244,0,0,40,10,10,0,1,1
2012-04-04T22:23:00Z,417,606,364,3,0,50,10,0,0,1,1
2012-04-04T22:24:00Z,0,0,0,0,0,60,0,0,0,1,1
2012-04-04T22:25:00Z,403,435,234,3,0,30,20,0,10,1,1
2012-04-04T22:26:00Z,414,532,311,2,0,40,20,0,0,1,1
2012-04-04T22:27:00Z,371,624,209,1,0,47,10,3,0,1,1
2012-04-04T22:28:00Z,568,862,589,3,0,20,30,10,0,1,1
2012-04-04T22:29:00Z,0,146,298,0,0,0,0,56,4,1,1
2012-04-04T22:30:00Z,33,432,786,1,0,0,0,60,0,1,1
2012-04-04T22:31:00Z,433,1172,423,4,45,40,20,0,0,1,1
2012-04-04T22:32:00Z,0,0,0,0,0,60,0,0,0,1,1
2012-04-04T22:33:00Z,149,308,239,0,0,30,10,2,18,1,1
2012-04-04T22:34:00Z,556,981,909,2,0,0,20,19,21,1,1
2012-04-04T22:35:00Z,0,23,112,0,0,0,0,60,0,1,1
2012-04-04T22:36:00Z,27,325,159,1,20,0,0,60,0,1,0
2012-04-04T22:37:00Z,511,436,764,1,16,0,20,40,0,1,1
2012-04-04T22:38:00Z,119,501,332,2,11,0,10,26,24,1,1
2012-04-04T22:39:00Z,223,906,439,2,17,0,20,0,40,1,1
2012-04-04T22:40:00Z,986,1186,1402,4,28,0,50,0,10,1,1
2012-04-04T22:41:00Z,1195,1348,509,8,10,0,30,0,30,1,1
2012-04-04T22:42:00Z,1503,1539,790,6,0,0,30,8,22,1,1
2012-04-04T22:43:00Z,1381,2168,1414,6,0,0,42,9,9,1,1
2012-04-04T22:44:00Z,1014,1726,704,5,43,20,40,0,0,1,1
2012-04-04T22:45:00Z,610,876,369,3,72,40,20,0,0,1,1
2012-04-04T22:46:00Z,1113,1785,1178,8,0,20,40,0,0,1,1
2012-04-04T22:47:00Z,84,466,404,5,0,0,10,16,34,1,1
2012-04-04T22:48:00Z,0,0,0,0,0,0,0,0,60,1,1
2012-04-04T22:49:00Z,742,1715,1018,6,132,0,30,0,30,1,1
2012-04-04T22:50:00Z,935,1092,883,8,75,0,20,0,40,1,1
2012-04-04T22:51:00Z,0,0,0,0,0,0,0,0,60,1,1
2012-04-04T22:52:00Z,1601,2037,2204,31,0,0,30,0,30,1,1
2012-04-04T22:53:00Z,1854,2076,3953,9,173,0,30,0,30,1,1
2012-04-04T22:54:00Z,3414,2332,3564,22,133,0,50,10,0,1,1
2012-04-04T22:55:00Z,4209,3270,3696,40,0,0,60,0,0,1,1
2012-04-04T22:56:00Z,4448,2955,2141,13,0,0,60,0,0,1,1
2012-04-04T22:57:00Z,3141,1531,730,7,0,0,50,9,1,1,1
2012-04-04T22:58:00Z,2612,1004,569,5,0,0,40,2,18,1,1
2012-04-04T22:59:00Z,3784,2495,2369,19,0,0,60,0,0,1,1
2012-04-04T23:00:00Z,3575,3270,2701,40,0,0,60,0,0,1,1
2012-04-04T23:01:00Z,3633,1605,3482,57,232,0,60,0,0,1,1
2012-04-04T23:02:00Z,3031,2841,4326,37,135,0,60,0,0,1,1
2012-04-04T23:03:00Z,2569,2351,3423,16,170,0,30,30,0,1,1
2012-04-04T23:04:00Z,2008,1911,2815,18,63,0,40,20,0,1,1
2012-04-04T23:05:00Z,61,34,355,1,0,0,0,4,56,1,1
2012-04-04T23:06:00Z,0,0,0,0,0,0,0,0,60,1,1
2012-04-04T23:07:00Z,24,5,31,0,0,0,0,0,60,1,1
2012-04-04T23:08:00Z,209,74,125,3,0,0,10,0,50,1,1
2012-04-04T23:09:00Z,80,29,115,2,0,0,10,0,50,1,1
2012-04-04T23:10:00Z,2738,2192,2359,20,0,0,50,9,1,1,1
2012-04-04T23:11:00Z,2518,2227,1936,26,0,0,60,0,0,1,1
2012-04-04T23:12:00Z,197,352,13,6,0,34,10,1,15,1,1
2012-04-04T23:13:00Z,1313,2491,949,11,0,0,50,0,10,1,1
2012-04-04T23:14:00Z,1858,2700,2406,15,0,1,30,0,29,1,1
2012-04-04T23:15:00Z,646,755,365,6,0,48,10,1,1,1,1
2012-04-04T23:16:00Z,255,964,46,4,0,37,10,0,13,1,1
2012-04-04T23:17:00Z,828,2455,386,11,0,12,30,0,18,1,1
2012-04-04T23:18:00Z,89,18,0,0,0,0,10,0,50,1,1
2012-04-04T23:19:00Z,51,339,144,3,0,2,0,0,58,1,1
2012-04-04T23:20:00Z,27,111,0,1,0,60,0,0,0,1,1
2012-04-04T23:21:00Z,664,1273,193,10,0,36,20,0,4,1,1
2012-04-04T23:22:00Z,990,1018,336,12,0,0,50,1,9,1,1
2012-04-04T23:23:00Z,1197,1782,326,18,0,8,40,9,3,1,1
2012-04-04T23:24:00Z,2278,3216,1840,16,0,0,60,0,0,1,1
2012-04-04T23:25:00Z,0,0,0,0,0,0,60,0,0,1,1
2012-04-04T23:26:00Z,0,0,0,0,0,0,60,0,0,1,1
2012-04-04T23:27:00Z,0,0,0,0,0,20,40,0,0,1,1
2012-04-04T23:28:00Z,0,0,0,0,0,60,0,0,0,1,1
2012-04-04T23:29:00Z,0,0,0,0,0,60,0,0,0,0,0
2012-04-04T23:30:00Z,0,0,0,0,0,60,0,0,0,0,0
2012-04-04T23:31:00Z,0,0,0,0,0,60,0,0,0,0,0
2012-04-04T23:32:00Z,0,0,0,0,0,60,0,0,0,0,0
2012-04-04T23:33:00Z,0,0,0,0,0,60,0,0,0,0,0
2012-04-04T23:34:00Z,0,0,0,0,0,60,0,0,0,0,0
2012-04-04T23:35:00Z,0,0,0,0,0,60,0,0,0,0,0
2012-04-04T23:36:00Z,0,0,0,0,0,60,0,0,0,0,0
2012-04-04T23:37:00Z,0,0,0,0,0,60,0,0,0,0,0
2012-04-04T23:38:00Z,0,0,0,0,0,60,0,0,0,0,0
2012-04-04T23:39:00Z,0,0,0,0,0,60,0,0,0,0,0
2012-04-04T23:40:00Z,0,0,0,0,0,60,0,0,0,0,0
2012-04-04T23:41:00Z,0,0,0,0,0,60,0,0,0,0,0
2012-04-04T23:42:00Z,0,0,0,0,0,60,0,0,0,0,0
2012-04-04T23:43:00Z,0,0,0,0,0,60,0,0,0,0,1
2012-04-04T23:44:00Z,1014,787,1635,8,0,50,10,0,0,1,1
2012-04-04T23:45:00Z,3089,2696,4399,21,3,0,60,0,0,1,1
2012-04-04T23:46:00Z,4976,3492,3886,38,0,0,60,0,0,1,1
2012-04-04T23:47:00Z,3663,2788,2718,12,0,0,50,10,0,1,1
2012-04-04T23:48:00Z,3369,2054,1565,9,0,0,60,0,0,1,1
2012-04-04T23:49:00Z,4378,2266,2405,9,0,0,60,0,0,1,1
2012-04-04T23:50:00Z,5928,4946,4659,29,37,0,60,0,0,1,1
2012-04-04T23:51:00Z,3972,3651,4312,34,146,0,60,0,0,1,1
2012-04-04T23:52:00Z,2457,2319,3709,11,199,0,30,0,30,1,1
2012-04-04T23:53:00Z,614,247,1603,5,192,0,50,1,9,1,1
2012-04-04T23:54:00Z,591,1830,2824,13,212,0,20,0,40,1,1
2012-04-04T23:55:00Z,984,1449,3207,58,250,1,40,0,19,1,1
2012-04-04T23:56:00Z,644,1676,4110,45,257,0,30,0,30,1,1
2012-04-04T23:57:00Z,1418,4065,6509,51,285,0,60,0,0,1,1
2012-04-04T23:58:00Z,834,4675,5316,24,285,2,50,0,8,1,1
2012-04-04T23:59:00Z,2200,4003,5436,30,246,0,60,0,0,1,1
2012-04-05T00:00:00Z,3925,4690,6146,45,112,0,60,0,0,1,1
2012-04-05T00:01:00Z,362,787,457,4,0,0,20,40,0,1,1
2012-04-05T00:02:00Z,45,97,0,2,0,0,0,60,0,1,1
2012-04-05T00:03:00Z,0,0,0,0,0,0,0,60,0,1,1
2012-04-05T00:04:00Z,0,0,0,0,0,0,0,60,0,1,1
2012-04-05T00:05:00Z,712,1095,470,6,0,0,20,40,0,1,1
2012-04-05T00:06:00Z,413,948,374,5,0,0,20,40,0,1,1
2012-04-05T00:07:00Z,1243,1971,1445,8,0,0,50,10,0,1,1
2012-04-05T00:08:00Z,599,1072,721,4,0,0,20,40,0,1,1
2012-04-05T00:09:00Z,1007,1475,818,7,0,0,30,30,0,1,1
2012-04-05T00:10:00Z,0,0,0,0,0,0,0,60,0,1,1
2012-04-05T00:11:00Z,306,386,95,3,0,0,20,29,11,1,1
2012-04-05T00:12:00Z,0,0,0,0,0,0,0,0,60,1,1
2012-04-05T00:13:00Z,32,2,0,1,0,0,0,0,60,1,1
2012-04-05T00:14:00Z,40,265,37,2,0,46,0,0,14,1,0
2012-04-05T00:15:00Z,0,0,0,0,0,60,0,0,0,0,0
2012-04-05T00:16:00Z,0,0,0,0,0,60,0,0,0,0,0
2012-04-05T00:17:00Z,0,0,0,0,0,60,0,0,0,0,0
2012-04-05T00:18:00Z,165,383,126,1,0,40,10,10,0,0,0
2012-04-05T00:19:00Z,0,0,6,0,0,0,0,60,0,0,0
2012-04-05T00:20:00Z,0,0,21,0,0,0,0,60,0,0,0
2012-04-05T00:21:00Z,0,0,0,0,0,0,0,60,0,0,0
2012-04-05T00:22:00Z,0,0,0,0,0,0,0,60,0,0,0
2012-04-05T00:23:00Z,0,0,0,0,0,10,0,50,0,0,0
2012-04-05T00:24:00Z,0,0,0,0,0,60,0,0,0,0,0
2012-04-05T00:25:00Z,0,0,0,0,0,60,0,0,0,0,0
2012-04-05T00:26:00Z,0,0,0,0,0,50,0,10,0,0,0
2012-04-05T00:27:00Z,0,0,0,0,0,0,0,60,0,0,0
2012-04-05T00:28:00Z,0,0,0,0,0,0,0,60,0,0,0
2012-04-05T00:29:00Z,0,0,0,0,0,0,0,60,0,0,0
2012-04-05T00:30:00Z,0,0,0,0,0,0,0,60,0,0,0
2012-04-05T00:31:00Z,0,0,0,0,0,0,0,60,0,0,0
2012-04-05T00:32:00Z,0,0,0,0,0,0,0,60,0,0,0
2012-04-05T00:33:00Z,0,0,0,0,0,50,0,10,0,0,0
2012-04-05T00:34:00Z,0,0,0,0,0,60,0,0,0,0,0
2012-04-05T00:35:00Z,0,0,0,0,0,60,0,0,0,0,0
2012-04-05T00:36:00Z,0,0,0,0,0,60,0,0,0,0,0
2012-04-05T00:37:00Z,0,0,0,0,0,60,0,0,0,0,0
2012-04-05T00:38:00Z,0,0,0,0,0,60,0,0,0,0,0
2012-04-05T00:39:00Z,0,0,0,0,0,60,0,0,0,0,0
2012-04-05T00:40:00Z,0,0,0,0,0,60,0,0,0,0,0
2012-04-05T00:41:00Z,0,0,0,0,0,60,0,0,0,0,0
2012-04-05T00:42:00Z,0,0,0,0,0,60,0,0,0,0,0
2012-04-05T00:43:00Z,0,0,0,0,0,60,0,0,0,0,0
2012-04-05T00:44:00Z,0,0,0,0,0,60,0,0,0,0,0
2012-04-05T00:45:00Z,0,0,0,0,0,60,0,0,0,0,0
2012-04-05T00:46:00Z,0,0,0,0,0,60,0,0,0,0,0
2012-04-05T00:47:00Z,0,0,0,0,0,60,0,0,0,0,0
2012-04-05T00:48:00Z,0,0,0,0,0,60,0,0,0,0,0
2012-04-05T00:49:00Z,0,0,0,0,0,60,0,0,0,0,0
2012-04-05T00:50:00Z,0,0,0,0,0,60,0,0,0,0,0
2012-04-05T00:51:00Z,889,959,606,4,0,20,20,20,0,1,1
2012-04-05T00:52:00Z,0,0,0,0,0,0,0,60,0,0,0
2012-04-05T00:53:00Z,0,0,0,0,0,0,0,60,0,0,0
2012-04-05T00:54:00Z,0,0,0,0,0,20,0,40,0,0,0
2012-04-05T00:55:00Z,0,0,0,0,0,60,0,0,0,0,0
2012-04-05T00:56:00Z,0,0,0,0,0,60,0,0,0,0,0
2012-04-05T00:57:00Z,0,0,0,0,0,60,0,0,0,0,0
2012-04-05T00:58:00Z,66,31,27,0,0,51,0,9,0,0,0
2012-04-05T00:59:00Z,210,719,116,2,0,0,10,50,0,0,0
2012-04-05T01:00:00Z,0,0,0,0,0,0,0,60,0,0,0
2012-04-05T01:01:00Z,0,0,0,0,0,0,0,60,0,0,0
2012-04-05T01:02:00Z,0,0,0,0,0,30,0,30,0,0,0
2012-04-05T01:03:00Z,0,0,0,0,0,60,0,0,0,0,0
2012-04-05T01:04:00Z,0,0,0,0,0,60,0,0,0,0,0
2012-04-05T01:05:00Z,0,0,0,0,0,60,0,0,0,0,0
2012-04-05T01:06:00Z,299,484,195,3,0,20,20,20,0,1,0
2012-04-05T01:07:00Z,0,0,0,0,0,0,0,60,0,0,0
2012-04-05T01:08:00Z,0,0,0,0,0,0,0,60,0,0,0
2012-04-05T01:09:00Z,0,0,0,0,0,0,0,60,0,0,0
2012-04-05T01:10:00Z,0,0,0,0,0,30,0,30,0,0,0
2012-04-05T01:11:00Z,0,0,0,0,0,60,0,0,0,0,0
2012-04-05T01:12:00Z,0,0,0,0,0,60,0,0,0,0,0
2012-04-05T01:13:00Z,0,0,0,0,0,60,0,0,0,0,0
2012-04-05T01:14:00Z,0,0,0,0,0,60,0,0,0,0,0
2012-04-05T01:15:00Z,114,352,138,1,0,30,10,20,0,0,0
2012-04-05T01:16:00Z,0,0,0,0,0,0,0,60,0,0,0
2012-04-05T01:17:00Z,0,0,0,0,0,0,0,60,0,0,0
2012-04-05T01:18:00Z,0,0,0,0,0,0,0,60,0,0,0
2012-04-05T01:19:00Z,0,0,0,0,0,0,0,60,0,0,0
2012-04-05T01:20:00Z,0,0,0,0,0,0,0,60,0,0,0
2012-04-05T01:21:00Z,0,0,0,0,0,30,0,30,0,0,0
2012-04-05T01:22:00Z,0,0,0,0,0,60,0,0,0,0,0
2012-04-05T01:23:00Z,0,0,0,0,0,60,0,0,0,0,0
2012-04-05T01:24:00Z,0,0,0,0,0,60,0,0,0,0,0
2012-04-05T01:25:00Z,0,0,0,0,0,60,0,0,0,0,0
2012-04-05T01:26:00Z,0,0,0,0,0,60,0,0,0,0,0
2012-04-05T01:27:00Z,0,0,0,0,0,60,0,0,0,0,0
2012-04-05T01:28:00Z,0,0,0,0,0,60,0,0,0,0,0
2012-04-05T01:29:00Z,0,0,0,0,0,60,0,0,0,0,0
2012-04-05T01:30:00Z,0,0,0,0,0,60,0,0,0,0,0
2012-04-05T01:31:00Z,0,0,0,0,0,60,0,0,0,0,0
2012-04-05T01:32:00Z,0,0,0,0,0,60,0,0,0,0,0
2012-04-05T01:33:00Z,0,0,0,0,0,60,0,0,0,0,0
2012-04-05T01:34:00Z,0,0,0,0,0,60,0,0,0,0,0
2012-04-05T01:35:00Z,0,0,0,0,0,60,0,0,0,0,0
2012-04-05T01:36:00Z,0,0,0,0,0,60,0,0,0,0,0
2012-04-05T01:37:00Z,0,0,0,0,0,60,0,0,0,0,0
2012-04-05T01:38:00Z,0,0,0,0,0,60,0,0,0,0,0
2012-04-05T01:39:00Z,378,673,943,4,0,10,20,30,0,1,0
2012-04-05T01:40:00Z,0,0,0,0,0,0,0,60,0,0,0
2012-04-05T01:41:00Z,0,0,0,0,0,0,0,60,0,0,0
2012-04-05T01:42:00Z,0,0,0,0,0,20,0,40,0,0,0
2012-04-05T01:43:00Z,0,0,0,0,0,60,0,0,0,0,0
2012-04-05T01:44:00Z,0,0,0,0,0,60,0,0,0,0,0
2012-04-05T01:45:00Z,0,0,0,0,0,60,0,0,0,0,0
2012-04-05T01:46:00Z,0,0,0,0,0,60,0,0,0,0,0
2012-04-05T01:47:00Z,0,0,0,0,0,60,0,0,0,0,0
2012-04-05T01:48:00Z,0,0,0,0,0,60,0,0,0,0,0
2012-04-05T01:49:00Z,0,0,0,0,0,60,0,0,0,0,0
2012-04-05T01:50:00Z,0,0,0,0,0,60,0,0,0,0,0
2012-04-05T01:51:00Z,0,0,0,0,0,60,0,0,0,0,0
2012-04-05T01:52:00Z,0,0,0,0,0,60,0,0,0,0,0
2012-04-05T01:53:00Z,0,0,0,0,0,60,0,0,0,0,0
2012-04-05T01:54:00Z,0,0,0,0,0,60,0,0,0,0,0
2012-04-05T01:55:00Z,0,0,0,0,0,60,0,0,0,0,0
2012-04-05T01:56:00Z,0,0,0,0,0,60,0,0,0,0,0
2012-04-05T01:57:00Z,257,275,184,2,0,30,10,0,20,1,0
2012-04-05T01:58:00Z,513,589,1610,7,0,0,20,0,40,1,1
2012-04-05T01:59:00Z,0,0,0,0,0,0,0,0,60,1,0
2012-04-05T02:00:00Z,0,0,0,0,0,0,0,0,60,1,0
2012-04-05T02:01:00Z,322,81,260,6,0,0,20,0,40,1,1
2012-04-05T02:02:00Z,0,0,0,0,0,0,0,0,60,1,0
2012-04-05T02:03:00Z,0,0,13,0,0,0,0,0,60,1,0
2012-04-05T02:04:00Z,0,0,0,0,0,0,0,0,60,0,0
2012-04-05T02:05:00Z,0,0,0,0,0,0,0,0,60,0,0
2012-04-05T02:06:00Z,0,0,0,0,0,40,0,0,20,0,0
2012-04-05T02:07:00Z,203,54,472,3,0,20,10,0,30,0,0
2012-04-05T02:08:00Z,0,0,0,0,0,0,0,0,60,0,0
2012-04-05T02:09:00Z,0,0,0,0,0,0,0,0,60,0,0
2012-04-05T02:10:00Z,0,0,0,0,0,10,0,0,50,0,0
2012-04-05T02:11:00Z,0,0,0,0,0,60,0,0,0,0,0
2012-04-05T02:12:00Z,0,0,0,0,0,40,0,0,20,0,0
2012-04-05T02:13:00Z,0,0,0,0,0,0,0,0,60,0,0
2012-04-05T02:14:00Z,0,0,0,0,0,0,0,0,60,0,0
2012-04-05T02:15:00Z,888,1147,1177,5,0,0,20,29,11,1,1
2012-04-05T02:16:00Z,0,0,0,0,0,0,0,60,0,0,0
2012-04-05T02:17:00Z,0,0,0,0,0,0,0,60,0,0,0
2012-04-05T02:18:00Z,0,0,0,0,0,20,0,40,0,0,0
2012-04-05T02:19:00Z,0,0,0,0,0,60,0,0,0,0,0
2012-04-05T02:20:00Z,0,127,0,0,0,0,0,59,1,0,0
2012-04-05T02:21:00Z,0,0,0,0,0,0,0,60,0,0,0
2012-04-05T02:22:00Z,0,0,0,0,0,0,0,60,0,0,0
2012-04-05T02:23:00Z,0,0,0,0,0,30,0,15,15,0,0
2012-04-05T02:24:00Z,0,0,0,0,0,60,0,0,0,0,0
2012-04-05T02:25:00Z,0,0,0,0,0,60,0,0,0,0,0
2012-04-05T02:26:00Z,0,0,0,0,0,60,0,0,0,0,0
2012-04-05T02:27:00Z,0,0,0,0,0,60,0,0,0,0,0
2012-04-05T02:28:00Z,0,0,0,0,0,60,0,0,0,0,0
2012-04-05T02:29:00Z,0,0,0,0,0,60,0,0,0,0,0
2012-04-05T02:30:00Z,0,0,0,0,0,60,0,0,0,0,0
2012-04-05T02:31:00Z,0,0,0,0,0,60,0,0,0,0,0
2012-04-05T02:32:00Z,0,0,0,0,0,60,0,0,0,0,0
2012-04-05T02:33:00Z,0,0,0,0,0,60,0,0,0,0,0
2012-04-05T02:34:00Z,0,0,0,0,0,60,0,0,0,0,0
2012-04-05T02:35:00Z,0,0,0,0,0,60,0,0,0,0,0
2012-04-05T02:36:00Z,0,0,0,0,0,60,0,0,0,0,0
2012-04-05T02:37:00Z,0,0,0,0,0,60,0,0,0,0,0
2012-04-05T02:38:00Z,0,0,0,0,0,60,0,0,0,0,0
2012-04-05T02:39:00Z,0,0,0,0,0,60,0,0,0,0,0
2012-04-05T02:40:00Z,0,0,0,0,0,60,0,0,0,0,0
2012-04-05T02:41:00Z,0,0,0,0,0,60,0,0,0,0,0
2012-04-05T02:42:00Z,0,0,0,0,0,60,0,0,0,0,0
2012-04-05T02:43:00Z,0,0,0,0,0,20,0,0,40,0,0
2012-04-05T02:44:00Z,0,0,0,0,0,0,0,0,60,0,0
2012-04-05T02:45:00Z,58,137,6,2,0,0,0,4,56,0,0
2012-04-05T02:46:00Z,0,0,0,0,0,0,0,60,0,0,0
2012-04-05T02:47:00Z,0,16,0,0,0,0,0,60,0,0,0
2012-04-05T02:48:00Z,0,0,0,0,0,0,0,60,0,0,0
2012-04-05T02:49:00Z,0,0,0,0,0,0,0,60,0,0,0
2012-04-05T02:50:00Z,0,0,0,0,0,10,0,50,0,0,0
2012-04-05T02:51:00Z,0,0,0,0,0,60,0,0,0,0,0
2012-04-05T02:52:00Z,0,146,0,0,0,10,0,50,0,0,0
2012-04-05T02:53:00Z,0,0,0,0,0,0,0,60,0,0,0
2012-04-05T02:54:00Z,0,0,0,0,0,0,0,60,0,0,0
2012-04-05T02:55:00Z,314,492,666,3,0,0,20,40,0,1,0
2012-04-05T02:56:00Z,0,0,0,0,0,0,0,60,0,0,0
2012-04-05T02:57:00Z,0,0,0,0,0,0,0,60,0,1,0
2012-04-05T02:58:00Z,0,0,0,0,0,0,0,60,0,1,0
2012-04-05T02:59:00Z,97,244,890,2,0,1,0,23,36,1,0
2012-04-05T03:00:00Z,0,0,0,0,0,0,0,0,60,1,0
2012-04-05T03:01:00Z,20,14,1,0,0,4,0,0,56,0,0
2012-04-05T03:02:00Z,98,368,189,1,0,0,10,1,49,0,0
2012-04-05T03:03:00Z,0,0,0,0,0,0,0,0,60,0,0
2012-04-05T03:04:00Z,0,0,0,0,0,0,0,0,60,0,0
2012-04-05T03:05:00Z,0,0,0,0,0,20,0,0,40,0,0
2012-04-05T03:06:00Z,0,0,0,0,0,60,0,0,0,0,0
2012-04-05T03:07:00Z,0,0,0,0,0,60,0,0,0,0,0
2012-04-05T03:08:00Z,0,0,0,0,0,60,0,0,0,0,0
2012-04-05T03:09:00Z,0,0,0,0,0,60,0,0,0,0,0
2012-04-05T03:10:00Z,0,0,0,0,0,60,0,0,0,0,0
2012-04-05T03:11:00Z,0,0,0,0,0,60,0,0,0,0,0
2012-04-05T03:12:00Z,0,0,0,0,0,60,0,0,0,0,0
2012-04-05T03:13:00Z,0,0,0,0,0,60,0,0,0,0,0
2012-04-05T03:14:00Z,0,0,0,0,0,60,0,0,0,0,0
2012-04-05T03:15:00Z,0,0,0,0,0,60,0,0,0,0,0
2012-04-05T03:16:00Z,0,0,0,0,0,60,0,0,0,0,0
2012-04-05T03:17:00Z,0,0,0,0,0,60,0,0,0,0,0
2012-04-05T03:18:00Z,0,0,0,0,0,60,0,0,0,0,0
2012-04-05T03:19:00Z,0,0,0,0,0,60,0,0,0,0,0
2012-04-05T03:20:00Z,0,0,0,0,0,60,0,0,0,0,0
2012-04-05T03:21:00Z,0,0,0,0,0,60,0,0,0,0,0
2012-04-05T03:22:00Z,0,0,0,0,0,60,0,0,0,0,0
2012-04-05T03:23:00Z,0,0,0,0,0,60,0,0,0,0,0
2012-04-05T03:24:00Z,0,0,0,0,0,60,0,0,0,0,0
2012-04-05T03:25:00Z,0,0,0,0,0,60,0,0,0,0,0
2012-04-05T03:26:00Z,0,0,0,0,0,60,0,0,0,0,0
2012-04-05T03:27:00Z,0,0,0,0,0,60,0,0,0,0,0
2012-04-05T03:28:00Z,0,0,0,0,0,60,0,0,0,0,0
2012-04-05T03:29:00Z,0,0,0,0,0,60,0,0,0,0,0
2012-04-05T03:30:00Z,0,0,0,0,0,60,0,0,0,0,0
2012-04-05T03:31:00Z,0,0,0,0,0,60,0,0,0,0,0
2012-04-05T03:32:00Z,0,0,0,0,0,60,0,0,0,0,0
2012-04-05T03:33:00Z,0,0,0,0,0,60,0,0,0,0,0
2012-04-05T03:34:00Z,0,0,0,0,0,60,0,0,0,0,0
2012-04-05T03:35:00Z,0,0,0,0,0,60,0,0,0,0,0
2012-04-05T03:36:00Z,0,0,0,0,0,50,0,0,10,0,0
2012-04-05T03:37:00Z,0,0,0,0,0,0,0,0,60,0,0
2012-04-05T03:38:00Z,0,0,0,0,0,0,0,0,60,0,0
2012-04-05T03:39:00Z,0,0,0,0,0,0,0,0,60,0,0
2012-04-05T03:40:00Z,0,0,0,0,0,60,0,0,0,0,0
2012-04-05T03:41:00Z,0,0,0,0,0,60,0,0,0,0,0
2012-04-05T03:42:00Z,0,0,0,0,0,60,0,0,0,0,0
2012-04-05T03:43:00Z,0,0,0,0,0,60,0,0,0,0,0
2012-04-05T03:44:00Z,0,0,0,0,0,60,0,0,0,0,0
2012-04-05T03:45:00Z,47,63,107,1,0,50,0,1,9,0,0
2012-04-05T03:46:00Z,56,199,681,2,0,0,0,58,2,0,0
2012-04-05T03:47:00Z,0,0,0,0,0,0,0,60,0,0,0
2012-04-05T03:48:00Z,0,0,0,0,0,0,0,60,0,0,0
2012-04-05T03:49:00Z,0,0,0,0,0,30,0,30,0,0,0
2012-04-05T03:50:00Z,0,0,0,0,0,60,0,0,0,0,0
2012-04-05T03:51:00Z,0,0,0,0,0,60,0,0,0,0,0
2012-04-05T03:52:00Z,0,0,0,0,0,60,0,0,0,0,0
2012-04-05T03:53:00Z,0,0,0,0,0,60,0,0,0,0,0
2012-04-05T03:54:00Z,0,0,0,0,0,60,0,0,0,0,0
2012-04-05T03:55:00Z,0,0,0,0,0,60,0,0,0,0,0
2012-04-05T03:56:00Z,0,0,0,0,0,60,0,0,0,0,0
2012-04-05T03:57:00Z,0,0,0,0,0,60,0,0,0,0,0
2012-04-05T03:58:00Z,0,0,0,0,0,60,0,0,0,0,0
2012-04-05T03:59:00Z,134,150,418,1,0,10,10,0,40,0,0
2012-04-05T04:00:00Z,0,0,0,0,0,0,0,0,60,0,0
2012-04-05T04:01:00Z,0,0,0,0,0,0,0,0,60,0,0
2012-04-05T04:02:00Z,0,0,0,0,0,20,0,0,40,0,0
2012-04-05T04:03:00Z,0,0,0,0,0,60,0,0,0,0,0
2012-04-05T04:04:00Z,0,0,0,0,0,60,0,0,0,0,0
2012-04-05T04:05:00Z,0,0,0,0,0,60,0,0,0,0,0
2012-04-05T04:06:00Z,82,172,809,3,0,20,10,30,0,0,0
2012-04-05T04:07:00Z,0,0,0,0,0,0,0,60,0,0,0
2012-04-05T04:08:00Z,16,84,309,0,0,0,0,57,3,0,0
2012-04-05T04:09:00Z,278,965,1153,6,0,0,10,48,2,1,0
2012-04-05T04:10:00Z,0,0,0,0,0,0,0,60,0,1,0
2012-04-05T04:11:00Z,295,715,813,3,0,0,10,50,0,1,0
2012-04-05T04:12:00Z,0,115,204,0,0,0,0,60,0,1,0
2012-04-05T04:13:00Z,0,0,0,0,0,0,0,60,0,1,0
2012-04-05T04:14:00Z,0,0,0,0,0,0,0,60,0,1,0
2012-04-05T04:15:00Z,131,780,1030,1,0,0,10,50,0,1,0
2012-04-05T04:16:00Z,0,8,229,0,0,0,0,57,3,0,0
2012-04-05T04:17:00Z,0,0,0,0,0,0,0,60,0,0,0
2012-04-05T04:18:00Z,0,0,0,0,0,0,0,60,0,0,0
2012-04-05T04:19:00Z,0,0,0,0,0,10,0,50,0,0,0
2012-04-05T04:20:00Z,0,0,0,0,0,60,0,0,0,0,0
2012-04-05T04:21:00Z,0,0,0,0,0,60,0,0,0,0,0
2012-04-05T04:22:00Z,0,0,0,0,0,60,0,0,0,0,0
2012-04-05T04:23:00Z,0,0,0,0,0,60,0,0,0,0,0
2012-04-05T04:24:00Z,0,0,0,0,0,60,0,0,0,0,0
2012-04-05T04:25:00Z,0,0,0,0,0,60,0,0,0,0,0
2012-04-05T04:26:00Z,0,79,441,0,0,0,0,12,48,0,0
2012-04-05T04:27:00Z,0,0,0,0,0,0,0,0,60,0,0
2012-04-05T04:28:00Z,0,0,0,0,0,0,0,0,60,0,0
2012-04-05T04:29:00Z,0,0,0,0,0,20,0,0,40,0,0
2012-04-05T04:30:00Z,0,0,0,0,0,60,0,0,0,0,0
2012-04-05T04:31:00Z,139,69,388,1,0,30,10,19,1,0,0
2012-04-05T04:32:00Z,0,0,12,0,0,0,0,59,1,0,0
2012-04-05T04:33:00Z,0,0,0,0,0,0,0,60,0,0,0
2012-04-05T04:34:00Z,0,0,0,0,0,0,0,60,0,0,0
2012-04-05T04:35:00Z,0,0,0,0,0,0,0,60,0,0,0
2012-04-05T04:36:00Z,0,0,0,0,0,60,0,0,0,0,0
2012-04-05T04:37:00Z,254,917,679,3,0,0,20,40,0,1,0
2012-04-05T04:38:00Z,106,208,137,1,0,0,10,50,0,1,0
2012-04-05T04:39:00Z,152,178,178,3,0,0,10,49,1,1,0
2012-04-05T04:40:00Z,0,0,0,0,0,0,0,60,0,0,0
2012-04-05T04:41:00Z,0,30,0,0,0,0,0,60,0,0,0
2012-04-05T04:42:00Z,0,13,82,0,0,0,0,60,0,0,0
2012-04-05T04:43:00Z,0,0,0,0,0,0,0,60,0,0,0
2012-04-05T04:44:00Z,0,0,0,0,0,0,0,60,0,0,0
2012-04-05T04:45:00Z,0,0,0,0,0,0,0,60,0,0,0
2012-04-05T04:46:00Z,0,37,101,0,0,0,0,3,57,0,0
2012-04-05T04:47:00Z,128,287,385,1,0,0,10,2,48,0,0
2012-04-05T04:48:00Z,0,0,0,0,0,0,0,60,0,0,0
2012-04-05T04:49:00Z,0,0,0,0,0,0,0,60,0,0,0
2012-04-05T04:50:00Z,0,0,0,0,0,0,0,60,0,0,0
2012-04-05T04:51:00Z,0,0,0,0,0,0,0,60,0,0,0
2012-04-05T04:52:00Z,0,0,0,0,0,0,0,60,0,0,0
2012-04-05T04:53:00Z,118,279,441,1,0,0,10,50,0,0,0
2012-04-05T04:54:00Z,0,0,0,0,0,0,0,60,0,0,0
2012-04-05T04:55:00Z,0,0,0,0,0,0,0,60,0,0,0
2012-04-05T04:56:00Z,0,0,0,0,0,0,0,60,0,0,0
2012-04-05T04:57:00Z,0,0,0,0,0,0,0,60,0,0,0
2012-04-05T04:58:00Z,0,0,0,0,0,20,0,40,0,0,0
2012-04-05T04:59:00Z,0,0,0,0,0,60,0,0,0,0,0
2012-04-05T05:00:00Z,53,278,365,2,0,10,0,50,0,0,0
2012-04-05T05:01:00Z,79,448,441,1,0,0,10,50,0,0,0
2012-04-05T05:02:00Z,0,0,0,0,0,0,0,60,0,0,0
2012-04-05T05:03:00Z,0,6,0,0,0,0,0,60,0,0,0
2012-04-05T05:04:00Z,0,0,0,0,0,0,0,60,0,0,0
2012-04-05T05:05:00Z,0,15,0,0,0,0,0,60,0,0,0
2012-04-05T05:06:00Z,0,13,7,0,0,0,0,60,0,0,0
2012-04-05T05:07:00Z,16,147,243,0,0,0,0,60,0,0,0
2012-04-05T05:08:00Z,0,0,0,0,0,0,0,60,0,0,0
2012-04-05T05:09:00Z,0,0,0,0,0,0,0,60,0,0,0
2012-04-05T05:10:00Z,0,0,0,0,0,0,0,60,0,0,0
2012-04-05T05:11:00Z,0,24,174,0,0,0,0,60,0,0,0
2012-04-05T05:12:00Z,0,0,0,0,0,0,0,60,0,0,0
2012-04-05T05:13:00Z,0,0,0,0,0,0,0,60,0,0,0
2012-04-05T05:14:00Z,0,0,0,0,0,0,0,60,0,0,0
2012-04-05T05:15:00Z,0,0,0,0,0,0,0,60,0,0,0
2012-04-05T05:16:00Z,0,0,0,0,0,0,0,60,0,0,0
2012-04-05T05:17:00Z,0,0,0,0,0,40,0,20,0,0,0
2012-04-05T05:18:00Z,0,0,0,0,0,60,0,0,0,0,0
2012-04-05T05:19:00Z,68,301,593,1,0,0,0,57,3,0,0
2012-04-05T05:20:00Z,0,0,0,0,0,0,0,60,0,0,0
2012-04-05T05:21:00Z,0,0,0,0,0,0,0,60,0,0,0
2012-04-05T05:22:00Z,0,0,0,0,0,0,0,60,0,0,0
2012-04-05T05:23:00Z,46,78,558,0,0,0,0,60,0,0,0
2012-04-05T05:24:00Z,0,0,0,0,0,0,0,60,0,0,0
2012-04-05T05:25:00Z,0,0,0,0,0,0,0,60,0,0,0
2012-04-05T05:26:00Z,0,0,0,0,0,0,0,60,0,0,0
2012-04-05T05:27:00Z,0,0,0,0,0,0,0,60,0,0,0
2012-04-05T05:28:00Z,0,0,0,0,0,0,0,60,0,0,0
2012-04-05T05:29:00Z,43,485,891,2,0,0,0,60,0,0,0
2012-04-05T05:30:00Z,0,0,25,0,0,0,0,60,0,0,0
2012-04-05T05:31:00Z,19,227,87,0,0,0,0,60,0,0,0
2012-04-05T05:32:00Z,0,0,0,0,0,0,0,60,0,0,0
2012-04-05T05:33:00Z,0,0,0,0,0,0,0,60,0,0,0
2012-04-05T05:34:00Z,0,0,0,0,0,0,0,60,0,0,0
2012-04-05T05:35:00Z,0,0,0,0,0,40,0,20,0,0,0
2012-04-05T05:36:00Z,0,0,0,0,0,0,0,60,0,0,0
2012-04-05T05:37:00Z,0,0,0,0,0,0,0,60,0,0,0
2012-04-05T05:38:00Z,0,0,0,0,0,0,0,60,0,0,0
2012-04-05T05:39:00Z,0,0,0,0,0,0,0,60,0,0,0
2012-04-05T05:40:00Z,0,0,0,0,0,0,0,60,0,0,0
2012-04-05T05:41:00Z,0,0,0,0,0,50,0,10,0,0,0
2012-04-05T05:42:00Z,0,0,0,0,0,60,0,0,0,0,0
2012-04-05T05:43:00Z,0,0,0,0,0,60,0,0,0,0,0
2012-04-05T05:44:00Z,0,0,0,0,0,60,0,0,0,0,0
2012-04-05T05:45:00Z,201,794,780,3,0,10,10,17,23,0,0
2012-04-05T05:46:00Z,0,108,9,0,0,0,0,60,0,0,0
2012-04-05T05:47:00Z,0,120,86,0,0,0,0,60,0,0,0
2012-04-05T05:48:00Z,121,315,400,1,0,0,10,47,3,0,0
2012-04-05T05:49:00Z,202,666,854,2,0,0,20,30,10,1,0
2012-04-05T05:50:00Z,0,125,0,0,0,0,0,56,4,0,0
2012-04-05T05:51:00Z,0,0,0,0,0,0,0,60,0,0,0
2012-04-05T05:52:00Z,0,0,0,0,0,0,0,60,0,0,0
2012-04-05T05:53:00Z,0,0,0,0,0,0,0,60,0,0,0
2012-04-05T05:54:00Z,0,0,0,0,0,10,0,50,0,0,0
2012-04-05T05:55:00Z,0,0,0,0,0,60,0,0,0,0,0
2012-04-05T05:56:00Z,0,0,0,0,0,60,0,0,0,0,0
2012-04-05T05:57:00Z,0,0,0,0,0,60,0,0,0,0,0
2012-04-05T05:58:00Z,0,0,0,0,0,60,0,0,0,0,0
2012-04-05T05:59:00Z,0,0,0,0,0,60,0,0,0,0,0
2012-04-05T06:00:00Z,0,10,0,0,0,20,0,40,0,0,0
2012-04-05T06:01:00Z,0,5,0,0,0,0,0,60,0,0,0
2012-04-05T06:02:00Z,0,0,0,0,0,0,0,60,0,0,0
2012-04-05T06:03:00Z,103,518,889,2,0,0,0,52,8,0,0
2012-04-05T06:04:00Z,0,0,0,0,0,0,0,60,0,0,0
2012-04-05T06:05:00Z,0,0,0,0,0,0,0,60,0,0,0
2012-04-05T06:06:00Z,0,0,0,0,0,0,0,60,0,0,0
2012-04-05T06:07:00Z,0,0,0,0,0,60,0,0,0,0,0
2012-04-05T06:08:00Z,0,0,0,0,0,60,0,0,0,0,0
2012-04-05T06:09:00Z,53,202,384,1,0,0,0,60,0,0,0
2012-04-05T06:10:00Z,0,0,0,0,0,0,0,60,0,0,0
2012-04-05T06:11:00Z,0,0,0,0,0,0,0,60,0,0,0
2012-04-05T06:12:00Z,0,0,0,0,0,0,0,60,0,0,0
2012-04-05T06:13:00Z,0,0,0,0,0,50,0,10,0,0,0
2012-04-05T06:14:00Z,0,0,0,0,0,20,0,40,0,0,0
2012-04-05T06:15:00Z,0,0,0,0,0,0,0,60,0,0,0
2012-04-05T06:16:00Z,0,0,0,0,0,0,0,60,0,0,0
2012-04-05T06:17:00Z,0,0,0,0,0,30,0,30,0,0,0
2012-04-05T06:18:00Z,0,0,0,0,0,60,0,0,0,0,0
2012-04-05T06:19:00Z,0,0,0,0,0,60,0,0,0,0,0
2012-04-05T06:20:00Z,0,0,0,0,0,60,0,0,0,0,0
2012-04-05T06:21:00Z,0,0,0,0,0,60,0,0,0,0,0
2012-04-05T06:22:00Z,0,0,0,0,0,60,0,0,0,0,0
2012-04-05T06:23:00Z,0,0,0,0,0,60,0,0,0,0,0
2012-04-05T06:24:00Z,0,0,0,0,0,60,0,0,0,0,0
2012-04-05T06:25:00Z,0,0,0,0,0,60,0,0,0,0,0
2012-04-05T06:26:00Z,0,0,0,0,0,60,0,0,0,0,0
2012-04-05T06:27:00Z,0,0,0,0,0,60,0,0,0,0,0
2012-04-05T06:28:00Z,0,0,0,0,0,60,0,0,0,0,0
2012-04-05T06:29:00Z,0,0,0,0,0,60,0,0,0,0,0
2012-04-05T06:30:00Z,0,0,0,0,0,60,0,0,0,0,0
2012-04-05T06:31:00Z,0,0,0,0,0,60,0,0,0,0,0
2012-04-05T06:32:00Z,0,0,0,0,0,60,0,0,0,0,0
2012-04-05T06:33:00Z,0,0,0,0,0,60,0,0,0,0,0
2012-04-05T06:34:00Z,0,0,0,0,0,60,0,0,0,0,0
2012-04-05T06:35:00Z,0,0,0,0,0,60,0,0,0,0,1
2012-04-05T06:36:00Z,0,0,0,0,0,60,0,0,0,0,1
2012-04-05T06:37:00Z,1696,1480,1885,11,0,20,40,0,0,1,1
2012-04-05T06:38:00Z,1172,1437,1885,7,157,0,20,40,0,1,1
2012-04-05T06:39:00Z,2438,1868,2654,28,127,0,40,20,0,1,1
2012-04-05T06:40:00Z,5616,3356,2552,18,31,0,60,0,0,1,1
2012-04-05T06:41:00Z,2831,1257,1098,5,23,0,60,0,0,1,1
2012-04-05T06:42:00Z,3707,1945,2184,8,64,0,60,0,0,1,1
2012-04-05T06:43:00Z,2823,2352,2604,15,19,0,50,2,8,1,1
2012-04-05T06:44:00Z,2080,2530,4777,15,0,0,60,0,0,1,1
2012-04-05T06:45:00Z,1634,2724,3405,19,0,0,60,0,0,1,1
2012-04-05T06:46:00Z,1170,850,1293,20,0,0,30,0,30,1,1
2012-04-05T06:47:00Z,504,487,310,3,0,0,20,0,40,1,1
2012-04-05T06:48:00Z,40,110,40,0,0,0,0,0,60,1,1
2012-04-05T06:49:00Z,31,59,43,0,0,0,0,0,60,1,1
2012-04-05T06:50:00Z,0,0,0,0,0,0,0,0,60,1,1
2012-04-05T06:51:00Z,2991,3687,3179,18,185,0,60,0,0,1,1
2012-04-05T06:52:00Z,803,741,2639,5,188,0,30,0,30,1,1
2012-04-05T06:53:00Z,833,1024,1764,3,206,0,50,0,10,1,1
2012-04-05T06:54:00Z,1178,1423,1766,16,181,0,53,7,0,1,1
2012-04-05T06:55:00Z,1879,1614,2112,18,115,0,40,0,20,1,1
2012-04-05T06:56:00Z,230,331,167,1,0,0,10,0,50,1,1
2012-04-05T06:57:00Z,419,983,231,4,0,12,30,0,18,1,1
2012-04-05T06:58:00Z,29,153,61,0,0,10,0,0,50,1,1
2012-04-05T06:59:00Z,0,0,0,0,0,0,0,0,60,1,1
2012-04-05T07:00:00Z,0,0,0,0,0,0,0,0,60,1,1
2012-04-05T07:01:00Z,2599,2664,1723,17,11,0,50,0,10,1,1
2012-04-05T07:02:00Z,3644,3529,4719,18,316,0,40,0,20,1,1
2012-04-05T07:03:00Z,3607,2302,1691,6,241,0,60,0,0,1,1
2012-04-05T07:04:00Z,4191,2298,1456,7,260,0,50,10,0,1,1
2012-04-05T07:05:00Z,2682,3276,3358,20,93,0,50,8,2,1,1
2012-04-05T07:06:00Z,2426,1877,2576,20,0,0,60,0,0,1,1
2012-04-05T07:07:00Z,0,0,0,0,0,0,60,0,0,1,1
2012-04-05T07:08:00Z,0,0,0,0,0,0,60,0,0,1,1
2012-04-05T07:09:00Z,0,0,0,0,0,10,50,0,0,1,1
2012-04-05T07:10:00Z,0,0,0,0,0,60,0,0,0,1,1
2012-04-05T07:11:00Z,0,0,0,0,0,60,0,0,0,0,0
2012-04-05T07:12:00Z,0,0,0,0,0,60,0,0,0,0,0
2012-04-05T07:13:00Z,0,0,0,0,0,60,0,0,0,0,0
2012-04-05T07:14:00Z,0,0,0,0,0,60,0,0,0,0,0
2012-04-05T07:15:00Z,0,0,0,0,0,60,0,0,0,0,0
2012-04-05T07:16:00Z,0,0,0,0,0,60,0,0,0,0,0
2012-04-05T07:17:00Z,0,0,0,0,0,60,0,0,0,0,0
2012-04-05T07:18:00Z,0,0,0,0,0,60,0,0,0,0,0
2012-04-05T07:19:00Z,0,0,0,0,0,60,0,0,0,0,0
2012-04-05T07:20:00Z,0,0,0,0,0,60,0,0,0,0,0
2012-04-05T07:21:00Z,0,0,0,0,0,60,0,0,0,0,0
2012-04-05T07:22:00Z,0,0,0,0,0,60,0,0,0,0,1
2012-04-05T07:23:00Z,0,0,0,0,0,60,0,0,0,0,1
2012-04-05T07:24:00Z,2635,1905,3054,14,0,30,30,0,0,1,1
2012-04-05T07:25:00Z,4431,3719,4335,29,0,0,50,0,10,1,1
2012-04-05T07:26:00Z,2084,2014,1506,10,0,0,30,0,30,1,1
2012-04-05T07:27:00Z,4101,3485,2624,36,0,0,60,0,0,1,1
2012-04-05T07:28:00Z,4199,2260,1380,14,385,0,50,0,10,1,1
2012-04-05T07:29:00Z,5491,1572,744,10,316,0,60,0,0,1,1
2012-04-05T07:30:00Z,4187,2658,2529,16,213,0,56,4,0,1,1
2012-04-05T07:31:00Z,5245,3765,4336,43,323,0,60,0,0,1,1
2012-04-05T07:32:00Z,7164,6589,6543,44,547,0,60,0,0,1,1
2012-04-05T07:33:00Z,3918,3899,4016,25,317,0,60,0,0,1,1
2012-04-05T07:34:00Z,933,1369,1549,5,344,14,30,0,16,1,1
2012-04-05T07:35:00Z,709,410,170,6,538,0,20,5,35,1,1
2012-04-05T07:36:00Z,1743,3385,2734,13,310,3,50,0,7,1,1
2012-04-05T07:37:00Z,512,1020,359,3,576,0,20,0,40,1,1
2012-04-05T07:38:00Z,0,0,0,0,605,0,0,9,51,1,1
2012-04-05T07:39:00Z,0,0,0,0,553,0,0,0,60,1,1
2012-04-05T07:40:00Z,0,17,14,0,551,0,0,0,60,1,1
2012-04-05T07:41:00Z,0,0,0,0,520,0,0,0,60,1,0
2012-04-05T07:42:00Z,0,4,9,0,451,0,0,0,60,0,0
2012-04-05T07:43:00Z,155,288,32,1,223,0,10,0,50,1,0
2012-04-05T07:44:00Z,13,0,0,0,171,0,0,0,60,1,0
2012-04-05T07:45:00Z,0,0,0,0,141,4,0,0,56,0,0
2012-04-05T07:46:00Z,3,0,0,1,174,1,0,0,59,1,1
2012-04-05T07:47:00Z,1159,1528,967,7,138,0,30,0,30,1,1
2012-04-05T07:48:00Z,6416,5808,4981,44,205,0,60,0,0,1,1
2012-04-05T07:49:00Z,4875,3182,4214,35,217,0,60,0,0,1,1
2012-04-05T07:50:00Z,3425,4552,4065,28,25,0,60,0,0,1,1
2012-04-05T07:51:00Z,373,631,578,3,85,17,10,0,33,1,1
2012-04-05T07:52:00Z,0,0,0,0,107,23,0,0,37,1,1
2012-04-05T07:53:00Z,61,4,0,1,96,22,0,0,38,1,1
2012-04-05T07:54:00Z,0,39,0,0,80,35,0,0,25,1,1
2012-04-05T07:55:00Z,10,19,42,0,141,32,0,0,28,1,1
2012-04-05T07:56:00Z,516,1015,580,3,103,26,10,0,24,1,1
2012-04-05T07:57:00Z,1597,2823,2424,12,129,0,50,0,10,1,1
2012-04-05T07:58:00Z,0,20,0,0,150,0,0,0,60,1,1
2012-04-05T07:59:00Z,694,561,490,4,573,0,30,0,30,1,1
2012-04-05T08:00:00Z,165,321,132,1,407,5,10,0,45,1,1
2012-04-05T08:01:00Z,0,34,0,0,371,0,0,0,60,1,1
2012-04-05T08:02:00Z,0,8,0,0,512,0,0,0,60,1,0
2012-04-05T08:03:00Z,0,8,0,0,508,0,0,0,60,1,1
2012-04-05T08:04:00Z,462,682,599,5,327,0,30,8,22,1,1
2012-04-05T08:05:00Z,187,219,221,10,0,1,10,34,15,1,1
2012-04-05T08:06:00Z,183,576,333,6,242,10,20,0,30,1,1
2012-04-05T08:07:00Z,581,720,306,10,41,4,30,20,6,1,1
2012-04-05T08:08:00Z,249,373,187,4,162,35,10,10,5,1,1
2012-04-05T08:09:00Z,1028,668,813,5,207,0,20,10,30,1,1
2012-04-05T08:10:00Z,5264,6231,5147,41,473,9,50,0,1,1,1
2012-04-05T08:11:00Z,5524,3980,3312,51,139,0,60,0,0,1,1
2012-04-05T08:12:00Z,6794,3740,2966,25,545,0,60,0,0,1,1
2012-04-05T08:13:00Z,3707,1550,1159,8,754,0,54,6,0,1,1
2012-04-05T08:14:00Z,6539,2814,1870,12,943,0,60,0,0,1,1
2012-04-05T08:15:00Z,2955,2627,2282,33,199,0,40,20,0,1,1
2012-04-05T08:16:00Z,255,339,236,3,0,0,10,30,20,1,1
2012-04-05T08:17:00Z,212,234,186,3,0,0,10,0,50,1,1
2012-04-05T08:18:00Z,0,149,43,0,0,0,0,60,0,1,1
2012-04-05T08:19:00Z,302,455,282,3,0,0,10,10,40,1,1
2012-04-05T08:20:00Z,1192,615,682,3,0,0,20,40,0,1,1
2012-04-05T08:21:00Z,56,525,323,2,0,0,0,60,0,1,1
2012-04-05T08:22:00Z,829,342,350,3,0,0,10,50,0,1,1
2012-04-05T08:23:00Z,0,0,0,0,0,0,0,60,0,1,1
2012-04-05T08:24:00Z,155,295,223,3,0,0,10,50,0,1,1
2012-04-05T08:25:00Z,134,168,210,2,0,0,10,50,0,1,1
2012-04-05T08:26:00Z,4,9,55,0,0,0,0,60,0,1,1
2012-04-05T08:27:00Z,221,227,241,2,0,0,12,28,20,1,0
2012-04-05T08:28:00Z,88,32,0,1,0,0,10,0,50,1,1
2012-04-05T08:29:00Z,307,325,241,1,0,0,10,0,50,1,1
2012-04-05T08:30:00Z,823,453,251,5,0,0,40,10,10,1,1
2012-04-05T08:31:00Z,977,473,312,3,0,0,10,50,0,1,1
2012-04-05T08:32:00Z,83,69,85,2,0,0,10,50,0,1,1
2012-04-05T08:33:00Z,149,255,186,2,0,0,10,50,0,1,1
2012-04-05T08:34:00Z,188,250,83,1,0,0,10,50,0,1,1
2012-04-05T08:35:00Z,492,208,627,6,0,0,20,0,40,1,1
2012-04-05T08:36:00Z,54,0,6,2,0,0,0,0,60,1,1
2012-04-05T08:37:00Z,599,466,428,3,0,0,20,40,0,1,1
2012-04-05T08:38:00Z,289,632,397,4,0,0,10,50,0,1,1
2012-04-05T08:39:00Z,6,25,166,0,0,0,1,59,0,1,1
2012-04-05T08:40:00Z,934,623,350,3,0,0,10,50,0,1,1
2012-04-05T08:41:00Z,30,367,65,1,0,0,0,60,0,1,1
2012-04-05T08:42:00Z,2739,1907,1900,28,21,0,40,0,20,1,1
2012-04-05T08:43:00Z,6136,6004,5105,33,59,0,60,0,0,1,1
2012-04-05T08:44:00Z,3604,4969,7696,26,71,0,60,0,0,1,1
2012-04-05T08:45:00Z,3368,2753,3250,27,39,10,50,0,0,1,1
2012-04-05T08:46:00Z,86,183,17,1,0,31,10,0,19,1,1
2012-04-05T08:47:00Z,212,455,101,5,0,20,10,0,30,1,1
2012-04-05T08:48:00Z,53,160,17,1,0,59,0,0,1,1,1
2012-04-05T08:49:00Z,470,368,302,4,0,45,10,0,5,1,1
2012-04-05T08:50:00Z,136,213,13,5,0,42,0,0,18,1,1
2012-04-05T08:51:00Z,198,426,50,9,0,35,0,0,25,1,1
2012-04-05T08:52:00Z,54,230,42,1,0,60,0,0,0,1,0
2012-04-05T08:53:00Z,334,381,193,5,0,40,20,0,0,1,1
2012-04-05T08:54:00Z,0,0,0,0,0,56,0,0,4,1,0
2012-04-05T08:55:00Z,0,0,0,0,0,59,0,0,1,1,1
2012-04-05T08:56:00Z,0,8,0,0,0,45,0,0,15,1,1
2012-04-05T08:57:00Z,2681,2552,3009,19,56,12,40,0,8,1,1
2012-04-05T08:58:00Z,4770,6579,6445,43,14,0,60,0,0,1,1
2012-04-05T08:59:00Z,4366,4936,5531,35,12,0,60,0,0,1,1
2012-04-05T09:00:00Z,3952,3809,5383,34,31,0,60,0,0,1,1
2012-04-05T09:01:00Z,3844,4103,3795,20,46,0,60,0,0,1,1
2012-04-05T09:02:00Z,4979,3813,4152,26,0,0,60,0,0,1,1
2012-04-05T09:03:00Z,3755,5001,5859,30,0,0,60,0,0,1,1
2012-04-05T09:04:00Z,3866,3336,3598,24,0,3,50,0,7,1,1
2012-04-05T09:05:00Z,0,0,0,0,0,3,0,0,57,1,1
2012-04-05T09:06:00Z,0,0,0,0,0,0,0,0,60,1,1
2012-04-05T09:07:00Z,1801,1780,1777,17,0,9,40,0,11,1,1
2012-04-05T09:08:00Z,4434,4750,4645,44,11,0,60,0,0,1,1
2012-04-05T09:09:00Z,0,0,0,0,143,0,0,60,0,1,1
2012-04-05T09:10:00Z,1244,1392,1382,7,33,0,20,40,0,1,1
2012-04-05T09:11:00Z,4202,2491,1881,15,989,0,50,10,0,1,1
2012-04-05T09:12:00Z,6412,2426,1543,12,1692,0,60,0,0,1,1
2012-04-05T09:13:00Z,5509,3428,2594,22,1324,0,50,10,0,1,1
2012-04-05T09:14:00Z,26,12,158,0,0,0,0,60,0,1,1
2012-04-05T09:15:00Z,102,138,326,3,0,0,0,60,0,1,1
2012-04-05T09:16:00Z,2031,1567,1432,9,0,0,30,30,0,1,1
2012-04-05T09:17:00Z,1806,1944,1370,8,4,0,50,0,10,1,1
2012-04-05T09:18:00Z,2110,2691,2378,13,0,0,60,0,0,1,1
2012-04-05T09:19:00Z,3718,3087,2908,19,0,0,60,0,0,1,1
2012-04-05T09:20:00Z,586,476,456,1,0,0,20,0,40,1,1
2012-04-05T09:21:00Z,20,111,41,1,0,0,0,4,56,1,1
2012-04-05T09:22:00Z,51,281,261,2,0,0,0,31,29,1,1
2012-04-05T09:23:00Z,15,129,57,1,0,0,0,0,60,1,1
2012-04-05T09:24:00Z,82,2,44,1,0,0,0,1,59,1,1
2012-04-05T09:25:00Z,659,632,412,3,14,0,29,1,30,1,1
2012-04-05T09:26:00Z,1444,1584,1126,9,0,0,45,5,10,1,1
2012-04-05T09:27:00Z,899,817,835,15,0,0,50,10,0,1,1
2012-04-05T09:28:00Z,10,20,118,1,0,0,0,60,0,1,1
2012-04-05T09:29:00Z,29,0,41,0,0,0,0,60,0,1,1
2012-04-05T09:30:00Z,0,0,35,0,0,0,0,60,0,1,1
2012-04-05T09:31:00Z,624,598,527,3,0,0,20,40,0,1,1
2012-04-05T09:32:00Z,3987,3377,2846,19,0,0,41,19,0,1,1
2012-04-05T09:33:00Z,0,0,8,0,0,0,0,60,0,1,1
2012-04-05T09:34:00Z,1324,858,887,7,0,0,20,40,0,1,1
2012-04-05T09:35:00Z,2869,2299,2106,29,0,0,40,10,10,1,1
2012-04-05T09:36:00Z,0,0,0,0,0,0,0,0,60,1,1
2012-04-05T09:37:00Z,139,355,94,4,0,3,10,0,47,1,1
2012-04-05T09:38:00Z,150,249,80,3,0,0,10,0,50,1,1
2012-04-05T09:39:00Z,132,263,52,7,0,4,10,0,46,1,1
2012-04-05T09:40:00Z,355,670,403,5,0,0,20,0,40,1,1
2012-04-05T09:41:00Z,153,358,44,5,0,0,0,0,60,1,1
2012-04-05T09:42:00Z,367,588,260,7,0,0,10,0,50,1,1
2012-04-05T09:43:00Z,631,386,323,5,0,0,20,0,40,1,1
2012-04-05T09:44:00Z,721,623,340,9,0,0,30,0,30,1,1
2012-04-05T09:45:00Z,390,529,438,2,0,1,20,0,39,1,1
2012-04-05T09:46:00Z,519,873,537,4,0,6,10,0,44,1,1
2012-04-05T09:47:00Z,464,589,619,7,0,1,20,0,39,1,1
2012-04-05T09:48:00Z,300,920,282,11,0,1,10,0,49,1,1
2012-04-05T09:49:00Z,67,364,38,4,0,1,0,0,59,1,1
2012-04-05T09:50:00Z,1433,874,1833,8,0,0,30,0,30,1,1
2012-04-05T09:51:00Z,1534,1828,1251,9,0,0,30,0,30,1,1
2012-04-05T09:52:00Z,4635,3444,4092,35,129,0,50,10,0,1,1
2012-04-05T09:53:00Z,5558,2477,1225,13,802,0,60,0,0,1,1
2012-04-05T09:54:00Z,6084,4303,2919,31,825,0,60,0,0,1,1
2012-04-05T09:55:00Z,180,114,657,4,0,0,10,50,0,1,1
2012-04-05T09:56:00Z,1706,1542,2240,29,0,0,50,0,10,1,1
2012-04-05T09:57:00Z,593,621,889,5,0,0,20,0,40,1,1
2012-04-05T09:58:00Z,439,614,773,4,0,0,10,0,50,1,1
2012-04-05T09:59:00Z,96,254,457,3,12,1,0,0,59,1,1
2012-04-05T10:00:00Z,1151,1731,2702,9,26,5,40,0,15,1,1
2012-04-05T10:01:00Z,2722,2930,2135,24,0,0,30,0,30,1,1
2012-04-05T10:02:00Z,4014,2974,4361,21,9,0,60,0,0,1,1
2012-04-05T10:03:00Z,912,464,682,3,3,0,20,40,0,1,1
2012-04-05T10:04:00Z,3343,2430,1962,30,7,0,50,0,10,1,1
2012-04-05T10:05:00Z,338,738,433,8,0,2,20,0,38,1,1
2012-04-05T10:06:00Z,0,0,28,0,0,0,0,0,60,1,1
2012-04-05T10:07:00Z,16,233,307,1,0,1,0,0,59,1,1
2012-04-05T10:08:00Z,142,269,128,2,0,0,10,0,50,1,1
2012-04-05T10:09:00Z,707,977,636,5,0,0,20,40,0,1,1
2012-04-05T10:10:00Z,538,634,679,6,0,0,20,0,40,1,1
2012-04-05T10:11:00Z,938,766,1130,8,7,0,20,0,40,1,1
2012-04-05T10:12:00Z,206,238,324,2,0,0,10,30,20,1,1
2012-04-05T10:13:00Z,1834,1744,2312,16,19,0,30,21,9,1,1
2012-04-05T10:14:00Z,4185,4796,7286,25,27,0,60,0,0,1,1
2012-04-05T10:15:00Z,669,462,490,4,0,0,10,0,50,1,1
2012-04-05T10:16:00Z,349,433,37,15,0,5,20,0,35,1,1
2012-04-05T10:17:00Z,255,361,32,12,0,14,10,0,36,1,1
2012-04-05T10:18:00Z,1446,1431,827,14,31,1,40,7,12,1,1
2012-04-05T10:19:00Z,3741,3345,4093,21,87,0,60,0,0,1,1
2012-04-05T10:20:00Z,3589,3881,3718,32,132,0,60,0,0,1,1
2012-04-05T10:21:00Z,6209,2956,1810,14,974,0,60,0,0,1,1
2012-04-05T10:22:00Z,5390,2244,726,5,1048,0,60,0,0,1,1
2012-04-05T10:23:00Z,3651,3273,2924,35,436,0,50,0,10,1,1
2012-04-05T10:24:00Z,28,0,98,1,0,0,0,0,60,1,1
2012-04-05T10:25:00Z,327,156,204,1,0,0,20,0,40,1,1
2012-04-05T10:26:00Z,626,582,826,4,119,0,30,28,2,1,1
2012-04-05T10:27:00Z,0,106,0,0,115,27,0,0,33,1,1
2012-04-05T10:28:00Z,1,97,0,0,80,10,0,0,50,1,0
2012-04-05T10:29:00Z,239,433,163,7,67,10,20,0,30,1,1
2012-04-05T10:30:00Z,156,435,539,2,0,30,10,0,20,1,1
2012-04-05T10:31:00Z,598,614,782,6,0,0,30,0,30,1,1
2012-04-05T10:32:00Z,373,561,802,6,18,0,20,0,40,1,1
2012-04-05T10:33:00Z,295,290,189,1,4,0,10,0,50,1,1
2012-04-05T10:34:00Z,0,0,0,0,0,0,0,0,60,1,0
2012-04-05T10:35:00Z,0,0,0,0,0,1,0,0,59,1,1
2012-04-05T10:36:00Z,56,219,41,2,0,2,0,0,58,1,0
2012-04-05T10:37:00Z,84,293,36,5,0,0,0,0,60,1,0
2012-04-05T10:38:00Z,106,257,275,3,0,0,0,0,60,1,0
2012-04-05T10:39:00Z,0,0,116,0,0,0,0,0,60,1,1
2012-04-05T10:40:00Z,14,181,179,1,0,3,0,0,57,1,1
2012-04-05T10:41:00Z,3062,4792,4968,22,0,0,60,0,0,1,1
2012-04-05T10:42:00Z,859,1309,1129,8,0,0,30,0,30,1,1
2012-04-05T10:43:00Z,294,402,697,3,0,0,20,30,10,1,1
2012-04-05T10:44:00Z,149,75,200,1,0,0,10,0,50,1,1
2012-04-05T10:45:00Z,424,300,799,4,0,0,20,0,40,1,1
2012-04-05T10:46:00Z,142,143,39,3,0,0,10,0,50,1,1
2012-04-05T10:47:00Z,692,1240,1198,11,0,0,30,0,30,1,1
2012-04-05T10:48:00Z,2759,2256,1937,29,6,0,40,0,20,1,1
2012-04-05T10:49:00Z,3601,3258,2521,37,322,0,50,8,2,1,1
2012-04-05T10:50:00Z,5959,2327,1350,8,1934,0,60,0,0,1,1
2012-04-05T10:51:00Z,5452,3409,2229,15,3065,0,60,0,0,1,1
2012-04-05T10:52:00Z,2475,4985,4547,27,0,0,60,0,0,1,1
2012-04-05T10:53:00Z,517,1628,1536,9,0,2,30,0,28,1,1
2012-04-05T10:54:00Z,1633,2311,3403,15,0,0,40,0,20,1,1
2012-04-05T10:55:00Z,1834,1223,1454,16,10,0,44,16,0,1,1
2012-04-05T10:56:00Z,2106,1706,1638,12,0,0,30,30,0,1,1
2012-04-05T10:57:00Z,2,25,0,0,0,0,0,0,60,1,1
2012-04-05T10:58:00Z,46,68,8,1,0,5,0,0,55,1,1
2012-04-05T10:59:00Z,429,482,167,8,0,11,30,0,19,1,1
2012-04-05T11:00:00Z,230,378,63,4,0,7,10,0,43,1,1
2012-04-05T11:01:00Z,98,68,28,2,0,1,10,0,49,1,1
2012-04-05T11:02:00Z,177,184,328,2,0,2,10,20,28,1,1
2012-04-05T11:03:00Z,342,477,331,4,0,23,20,0,17,1,1
2012-04-05T11:04:00Z,191,243,42,3,0,29,10,0,21,1,1
2012-04-05T11:05:00Z,0,14,0,0,0,16,0,0,44,1,0
2012-04-05T11:06:00Z,0,11,0,0,0,4,0,0,56,1,0
2012-04-05T11:07:00Z,28,129,6,1,0,4,0,0,56,1,0
2012-04-05T11:08:00Z,73,128,46,2,0,0,10,0,50,1,0
2012-04-05T11:09:00Z,190,251,94,6,0,14,0,0,46,1,0
2012-04-05T11:10:00Z,76,268,71,2,0,10,0,0,50,1,0
2012-04-05T11:11:00Z,13,187,62,1,0,51,0,0,9,1,0
2012-04-05T11:12:00Z,0,0,0,0,0,60,0,0,0,1,0
2012-04-05T11:13:00Z,434,1318,934,5,0,27,20,0,13,1,1
2012-04-05T11:14:00Z,6,11,0,0,0,60,0,0,0,1,0
2012-04-05T11:15:00Z,0,0,0,0,0,60,0,0,0,1,0
2012-04-05T11:16:00Z,108,342,72,3,0,47,0,0,13,1,0
2012-04-05T11:17:00Z,313,503,507,4,0,15,20,0,25,1,1
2012-04-05T11:18:00Z,119,438,78,4,0,44,0,0,16,1,1
2012-04-05T11:19:00Z,474,392,381,2,0,15,20,20,5,1,1
2012-04-05T11:20:00Z,498,474,534,9,0,9,20,20,11,1,1
2012-04-05T11:21:00Z,467,555,362,8,0,14,10,0,36,1,1
2012-04-05T11:22:00Z,0,5,0,0,0,26,0,0,34,1,1
2012-04-05T11:23:00Z,3266,3119,2898,46,0,0,50,10,0,1,1
2012-04-05T11:24:00Z,5013,3947,2820,26,3630,0,60,0,0,1,1
2012-04-05T11:25:00Z,4862,2022,1178,10,5163,0,60,0,0,1,1
2012-04-05T11:26:00Z,5836,4104,3572,38,2696,0,55,5,0,1,1
2012-04-05T11:27:00Z,869,663,716,5,0,38,10,0,12,1,1
2012-04-05T11:28:00Z,717,1280,1406,8,0,17,30,0,13,1,1
2012-04-05T11:29:00Z,2294,2474,4236,20,0,0,50,0,10,1,1
2012-04-05T11:30:00Z,1128,1485,1856,15,8,13,40,0,7,1,1
2012-04-05T11:31:00Z,286,373,32,11,0,46,10,0,4,1,1
2012-04-05T11:32:00Z,177,452,117,5,0,38,10,0,12,1,1
2012-04-05T11:33:00Z,0,0,0,0,0,57,0,0,3,1,1
2012-04-05T11:34:00Z,2488,3646,3077,23,51,0,60,0,0,1,1
2012-04-05T11:35:00Z,2440,3934,2664,42,7,0,60,0,0,1,1
2012-04-05T11:36:00Z,2218,4724,2945,44,4,0,60,0,0,1,1
2012-04-05T11:37:00Z,1875,4698,3558,21,39,0,60,0,0,1,1
2012-04-05T11:38:00Z,1597,2756,1617,35,41,0,60,0,0,1,1
2012-04-05T11:39:00Z,2517,3156,2416,36,5,0,60,0,0,1,1
2012-04-05T11:40:00Z,2743,4936,3393,26,15,0,60,0,0,1,1
2012-04-05T11:41:00Z,2353,3841,2589,31,9,0,60,0,0,1,1
2012-04-05T11:42:00Z,2139,4228,2877,20,10,0,60,0,0,1,1
2012-04-05T11:43:00Z,3059,4023,3300,35,15,0,60,0,0,1,1
2012-04-05T11:44:00Z,1791,2610,2636,17,6,0,60,0,0,1,1
2012-04-05T11:45:00Z,1730,3618,2729,24,25,0,60,0,0,1,1
2012-04-05T11:46:00Z,1615,3045,1948,20,33,0,60,0,0,1,1
2012-04-05T11:47:00Z,4872,3425,5795,49,57,0,60,0,0,1,1
2012-04-05T11:48:00Z,4419,3752,5851,62,41,0,60,0,0,1,1
2012-04-05T11:49:00Z,5291,5384,6581,47,20,0,60,0,0,1,1
2012-04-05T11:50:00Z,4354,3104,5438,35,25,0,60,0,0,1,1
2012-04-05T11:51:00Z,3515,2359,5798,38,9,0,60,0,0,1,1
2012-04-05T11:52:00Z,4233,3391,5097,58,107,0,60,0,0,1,1
2012-04-05T11:53:00Z,5194,3984,3862,33,0,0,60,0,0,1,1
2012-04-05T11:54:00Z,2730,2671,3042,17,9,0,50,0,10,1,1
2012-04-05T11:55:00Z,4608,3820,5824,35,92,0,60,0,0,1,1
2012-04-05T11:56:00Z,3989,3752,4585,32,0,0,50,10,0,1,1
2012-04-05T11:57:00Z,5338,2862,2066,19,4081,0,60,0,0,1,1
2012-04-05T11:58:00Z,6705,3551,2833,13,5651,0,60,0,0,1,1
2012-04-05T11:59:00Z,3999,4001,2774,41,1508,0,60,0,0,1,1
2012-04-05T12:00:00Z,545,581,245,5,0,0,10,0,50,1,1
2012-04-05T12:01:00Z,0,0,0,0,0,3,0,0,57,1,1
2012-04-05T12:02:00Z,804,829,824,6,0,0,40,0,20,1,1
2012-04-05T12:03:00Z,0,0,0,0,0,0,0,0,60,1,1
2012-04-05T12:04:00Z,0,43,4,0,0,0,0,0,60,1,1
2012-04-05T12:05:00Z,0,0,0,0,0,0,0,0,60,1,0
2012-04-05T12:06:00Z,108,320,102,2,0,4,10,0,46,1,1
2012-04-05T12:07:00Z,276,290,17,9,0,21,10,0,29,1,1
2012-04-05T12:08:00Z,301,371,74,13,0,17,20,0,23,1,1
2012-04-05T12:09:00Z,136,167,29,5,0,26,10,0,24,1,1
2012-04-05T12:10:00Z,204,254,33,9,0,11,10,0,39,1,1
2012-04-05T12:11:00Z,193,523,103,8,0,42,0,0,18,1,1
2012-04-05T12:12:00Z,772,1840,832,13,21,23,30,0,7,1,1
2012-04-05T12:13:00Z,405,1151,1062,9,31,17,20,0,23,1,1
2012-04-05T12:14:00Z,0,0,0,0,0,0,0,0,60,1,1
2012-04-05T12:15:00Z,0,0,0,0,0,0,0,0,60,1,1
2012-04-05T12:16:00Z,24,29,14,1,0,0,0,0,60,1,1
2012-04-05T12:17:00Z,793,1098,743,6,0,39,20,0,1,1,1
2012-04-05T12:18:00Z,0,0,0,0,0,60,0,0,0,1,1
2012-04-05T12:19:00Z,673,540,455,7,0,25,30,0,5,1,1
2012-04-05T12:20:00Z,1702,2134,1471,14,53,15,40,0,5,1,1
2012-04-05T12:21:00Z,2153,3470,3543,18,0,2,50,4,4,1,1
2012-04-05T12:22:00Z,2636,2129,2064,23,0,2,40,0,18,1,1
2012-04-05T12:23:00Z,172,163,30,4,0,8,20,0,32,1,1
2012-04-05T12:24:00Z,930,1210,1367,9,0,29,20,0,11,1,1
2012-04-05T12:25:00Z,735,830,555,3,0,3,10,30,17,1,1
2012-04-05T12:26:00Z,104,1022,952,2,0,0,11,49,0,1,1
2012-04-05T12:27:00Z,115,313,353,1,0,0,10,50,0,1,1
2012-04-05T12:28:00Z,0,122,58,0,0,0,0,60,0,1,1
2012-04-05T12:29:00Z,0,45,38,0,0,0,0,60,0,1,0
2012-04-05T12:30:00Z,73,277,150,1,0,0,0,60,0,1,0
2012-04-05T12:31:00Z,0,217,192,0,0,0,0,60,0,1,1
2012-04-05T12:32:00Z,445,458,292,3,0,0,20,40,0,1,1
2012-04-05T12:33:00Z,1203,1553,1577,6,0,0,30,0,30,1,1
2012-04-05T12:34:00Z,0,0,18,0,0,0,0,0,60,1,1
2012-04-05T12:35:00Z,282,839,624,8,0,19,20,0,21,1,1
2012-04-05T12:36:00Z,468,1388,684,6,0,0,30,20,10,1,1
2012-04-05T12:37:00Z,621,634,813,4,0,0,10,0,50,1,1
2012-04-05T12:38:00Z,238,486,311,1,0,27,10,20,3,1,1
2012-04-05T12:39:00Z,387,468,473,3,0,10,20,10,20,1,1
2012-04-05T12:40:00Z,0,0,0,0,0,0,0,0,60,1,1
2012-04-05T12:41:00Z,0,0,0,0,0,0,0,0,60,1,1
2012-04-05T12:42:00Z,2126,2627,1946,31,4,0,40,0,20,1,1
2012-04-05T12:43:00Z,5397,4111,2621,29,4330,0,60,0,0,1,1
2012-04-05T12:44:00Z,4894,2188,1624,19,5931,0,60,0,0,1,1
2012-04-05T12:45:00Z,5771,4409,3254,43,4112,0,60,0,0,1,1
2012-04-05T12:46:00Z,2709,2059,1777,30,5,10,50,0,0,1,1
2012-04-05T12:47:00Z,0,11,0,0,0,60,0,0,0,1,1
2012-04-05T12:48:00Z,0,0,0,0,0,60,0,0,0,1,1
2012-04-05T12:49:00Z,0,0,0,0,0,60,0,0,0,1,1
2012-04-05T12:50:00Z,0,0,0,0,0,60,0,0,0,1,1
2012-04-05T12:51:00Z,0,0,0,0,0,60,0,0,0,1,0
2012-04-05T12:52:00Z,303,350,79,10,0,50,10,0,0,1,1
2012-04-05T12:53:00Z,206,208,32,6,0,40,20,0,0,1,1
2012-04-05T12:54:00Z,380,484,175,5,0,40,20,0,0,1,1
2012-04-05T12:55:00Z,60,170,76,0,0,32,0,0,28,1,1
2012-04-05T12:56:00Z,13,252,70,1,0,60,0,0,0,1,1
2012-04-05T12:57:00Z,478,544,275,6,0,48,10,0,2,1,1
2012-04-05T12:58:00Z,139,194,118,2,0,50,10,0,0,1,1
2012-04-05T12:59:00Z,110,183,39,3,0,50,10,0,0,1,0
2012-04-05T13:00:00Z,0,0,0,0,0,60,0,0,0,1,0
2012-04-05T13:01:00Z,0,0,0,0,0,60,0,0,0,1,1
2012-04-05T13:02:00Z,193,384,212,3,0,50,10,0,0,1,1
2012-04-05T13:03:00Z,607,1038,250,15,0,14,40,0,6,1,1
2012-04-05T13:04:00Z,451,673,175,9,0,30,30,0,0,1,1
2012-04-05T13:05:00Z,104,83,29,2,0,50,10,0,0,1,1
2012-04-05T13:06:00Z,45,128,44,0,0,60,0,0,0,1,1
2012-04-05T13:07:00Z,0,0,0,0,0,60,0,0,0,1,1
2012-04-05T13:08:00Z,1857,1453,1162,8,0,18,20,0,22,1,1
2012-04-05T13:09:00Z,458,707,367,4,0,20,20,0,20,1,1
2012-04-05T13:10:00Z,726,1120,759,5,0,3,20,0,37,1,1
2012-04-05T13:11:00Z,153,479,198,2,0,30,10,0,20,1,1
2012-04-05T13:12:00Z,443,1057,219,5,0,48,10,0,2,1,1
2012-04-05T13:13:00Z,606,677,469,3,0,40,20,0,0,1,1
2012-04-05T13:14:00Z,74,128,36,2,0,47,10,0,3,1,1
2012-04-05T13:15:00Z,63,77,0,1,0,55,0,0,5,1,1
2012-04-05T13:16:00Z,51,143,237,0,0,0,0,0,60,1,1
2012-04-05T13:17:00Z,80,291,201,1,0,2,0,0,58,1,1
2012-04-05T13:18:00Z,1100,705,553,4,0,10,20,0,30,1,1
2012-04-05T13:19:00Z,0,40,0,0,0,36,0,0,24,1,1
2012-04-05T13:20:00Z,2380,1697,1728,17,3,0,50,0,10,1,1
2012-04-05T13:21:00Z,1309,872,1288,13,200,0,20,40,0,1,1
2012-04-05T13:22:00Z,6361,4434,4054,23,5405,0,60,0,0,1,1
2012-04-05T13:23:00Z,6255,3562,2600,22,5721,0,60,0,0,1,1
2012-04-05T13:24:00Z,4824,2067,1148,14,5857,0,60,0,0,1,1
2012-04-05T13:25:00Z,6639,5381,4247,44,1924,0,60,0,0,1,1
2012-04-05T13:26:00Z,1169,680,492,14,46,0,30,20,10,1,1
2012-04-05T13:27:00Z,217,317,89,9,0,3,20,0,37,1,1
2012-04-05T13:28:00Z,553,759,149,12,0,1,40,0,9,1,1
