Date,Time,Axis1,Axis2,Axis3,VM,Steps,Lux,Inclinometer Off,Inclinometer Standing,Inclinometer Sitting,Inclinometer Lying,Sleep or Awake?
6/27/2012,10:54 AM,1465,1791,2572,3460,13,0,0,40,20,0,W
6/27/2012,10:55 AM,207,218,270,404,1,0,0,10,50,0,W
6/27/2012,10:56 AM,169,257,270,409,3,0,0,11,49,0,W
6/27/2012,10:57 AM,0,0,0,0,0,0,0,0,60,0,W
6/27/2012,10:58 AM,157,174,248,341,1,0,0,10,50,0,W
6/27/2012,10:59 AM,23,23,279,281,1,0,0,0,60,0,S
6/27/2012,11:00 AM,0,0,0,0,0,0,0,0,60,0,S
6/27/2012,11:01 AM,0,0,0,0,0,0,0,0,60,0,S
6/27/2012,11:02 AM,0,0,0,0,0,0,0,0,60,0,S
6/27/2012,11:03 AM,0,0,0,0,0,0,0,0,60,0,S
6/27/2012,11:04 AM,0,0,0,0,0,0,0,0,60,0,S
6/27/2012,11:05 AM,0,0,0,0,0,0,0,0,60,0,S
6/27/2012,11:06 AM,1,18,0,18,0,0,0,0,60,0,S
6/27/2012,11:07 AM,0,0,0,0,0,0,0,0,60,0,S
6/27/2012,11:08 AM,0,0,0,0,0,0,0,0,60,0,S
6/27/2012,11:09 AM,0,0,0,0,0,0,0,0,60,0,S
6/27/2012,11:10 AM,0,0,0,0,0,0,0,0,60,0,S
6/27/2012,11:11 AM,0,0,0,0,0,0,0,0,60,0,S
6/27/2012,11:12 AM,0,0,0,0,0,0,0,0,60,0,S
6/27/2012,11:13 AM,0,0,0,0,0,0,0,0,60,0,W
6/27/2012,11:14 AM,298,256,438,588,4,0,0,10,50,0,W
6/27/2012,11:15 AM,3215,1774,3188,4863,38,4,0,30,30,0,W
6/27/2012,11:16 AM,121,254,225,360,2,0,0,41,19,0,W
6/27/2012,11:17 AM,230,371,218,488,2,0,0,20,0,40,W
6/27/2012,11:18 AM,0,0,9,9,0,0,0,0,1,59,W
6/27/2012,11:19 AM,491,724,613,1068,7,0,0,30,2,28,W
6/27/2012,11:20 AM,0,1,19,19,0,0,0,60,0,0,S
6/27/2012,11:21 AM,49,242,191,312,1,63,0,34,26,0,S
6/27/2012,11:22 AM,154,456,435,649,4,117,0,52,8,0,S
6/27/2012,11:23 AM,66,146,152,221,1,227,0,8,52,0,S
6/27/2012,11:24 AM,0,26,28,38,0,75,0,60,0,0,W
6/27/2012,11:25 AM,0,41,96,104,0,94,0,60,0,0,W
6/27/2012,11:26 AM,3959,2882,4118,6398,43,22,1,40,0,19,W
6/27/2012,11:27 AM,1144,1243,1944,2575,6,0,20,20,0,20,W
6/27/2012,11:28 AM,0,0,0,0,0,0,60,0,0,0,W
6/27/2012,11:29 AM,0,0,0,0,0,0,60,0,0,0,W
6/27/2012,11:30 AM,0,0,0,0,0,0,60,0,0,0,W
6/27/2012,11:31 AM,0,0,0,0,0,0,60,0,0,0,W
6/27/2012,11:32 AM,0,0,0,0,0,0,60,0,0,0,S
6/27/2012,11:33 AM,0,0,0,0,0,0,60,0,0,0,S
6/27/2012,11:34 AM,0,0,0,0,0,0,60,0,0,0,S
6/27/2012,11:35 AM,0,0,0,0,0,0,60,0,0,0,S
6/27/2012,11:36 AM,0,0,0,0,0,0,60,0,0,0,S
6/27/2012,11:37 AM,0,0,0,0,0,0,60,0,0,0,S
6/27/2012,11:38 AM,0,0,0,0,0,0,60,0,0,0,S
6/27/2012,11:39 AM,0,0,0,0,0,0,60,0,0,0,S
6/27/2012,11:40 AM,0,0,0,0,0,0,60,0,0,0,S
6/27/2012,11:41 AM,0,0,0,0,0,0,60,0,0,0,S
6/27/2012,11:42 AM,0,0,0,0,0,0,60,0,0,0,S
6/27/2012,11:43 AM,0,0,0,0,0,0,60,0,0,0,S
6/27/2012,11:44 AM,0,0,0,0,0,0,60,0,0,0,S
6/27/2012,11:45 AM,0,0,0,0,0,0,60,0,0,0,S
6/27/2012,11:46 AM,0,0,0,0,0,0,60,0,0,0,S
6/27/2012,11:47 AM,705,840,1170,1604,4,0,20,21,19,0,W
6/27/2012,11:48 AM,7,0,4,8,0,0,0,0,60,0,W
6/27/2012,11:49 AM,1720,1678,2120,3204,23,0,0,40,20,0,W
6/27/2012,11:50 AM,0,46,28,54,0,0,0,60,0,0,W
6/27/2012,11:51 AM,0,51,36,62,0,0,0,22,38,0,W
6/27/2012,11:52 AM,434,642,521,934,5,0,0,47,13,0,W
6/27/2012,11:53 AM,2704,1777,2410,4035,40,1213,0,60,0,0,W
6/27/2012,11:54 AM,1164,1359,1581,2388,20,1627,0,60,0,0,W
6/27/2012,11:55 AM,3422,2529,3584,5563,37,164,0,30,30,0,W
6/27/2012,11:56 AM,0,8,0,8,0,0,0,0,60,0,W
6/27/2012,11:57 AM,0,62,24,66,0,0,0,0,60,0,W
6/27/2012,11:58 AM,0,0,0,0,0,0,0,0,60,0,W
6/27/2012,11:59 AM,0,85,33,91,0,0,0,0,60,0,W
6/27/2012,12:00 PM,170,133,266,343,1,0,0,10,50,0,W
6/27/2012,12:01 PM,134,172,148,264,1,0,0,10,50,0,W
6/27/2012,12:02 PM,1122,1257,1802,2467,6,0,49,10,1,0,W
6/27/2012,12:03 PM,0,0,0,0,0,0,60,0,0,0,W
6/27/2012,12:04 PM,0,0,0,0,0,0,60,0,0,0,S
6/27/2012,12:05 PM,0,0,0,0,0,0,60,0,0,0,S
6/27/2012,12:06 PM,0,0,0,0,0,0,60,0,0,0,W
6/27/2012,12:07 PM,0,0,0,0,0,0,60,0,0,0,S
6/27/2012,12:08 PM,0,0,0,0,0,0,60,0,0,0,S
6/27/2012,12:09 PM,0,0,0,0,0,0,60,0,0,0,S
6/27/2012,12:10 PM,0,0,0,0,0,0,60,0,0,0,S
6/27/2012,12:11 PM,0,0,0,0,0,0,60,0,0,0,S
6/27/2012,12:12 PM,0,0,0,0,0,0,60,0,0,0,S
6/27/2012,12:13 PM,0,0,0,0,0,0,60,0,0,0,S
6/27/2012,12:14 PM,0,0,0,0,0,0,60,0,0,0,S
6/27/2012,12:15 PM,0,0,0,0,0,0,60,0,0,0,S
6/27/2012,12:16 PM,0,0,0,0,0,0,60,0,0,0,S
6/27/2012,12:17 PM,0,0,0,0,0,0,60,0,0,0,S
6/27/2012,12:18 PM,0,0,0,0,0,0,60,0,0,0,S
6/27/2012,12:19 PM,0,0,0,0,0,0,60,0,0,0,S
6/27/2012,12:20 PM,0,0,0,0,0,0,60,0,0,0,S
6/27/2012,12:21 PM,0,0,0,0,0,0,60,0,0,0,S
6/27/2012,12:22 PM,0,0,0,0,0,0,60,0,0,0,S
6/27/2012,12:23 PM,0,0,0,0,0,0,60,0,0,0,S
6/27/2012,12:24 PM,0,0,0,0,0,0,60,0,0,0,S
6/27/2012,12:25 PM,0,0,0,0,0,0,60,0,0,0,S
6/27/2012,12:26 PM,0,0,0,0,0,0,60,0,0,0,S
6/27/2012,12:27 PM,0,0,0,0,0,0,60,0,0,0,S
6/27/2012,12:28 PM,0,0,0,0,0,0,60,0,0,0,S
6/27/2012,12:29 PM,0,0,0,0,0,0,60,0,0,0,S
6/27/2012,12:30 PM,0,0,0,0,0,0,60,0,0,0,S
6/27/2012,12:31 PM,0,0,0,0,0,0,60,0,0,0,S
6/27/2012,12:32 PM,0,0,0,0,0,0,60,0,0,0,S
6/27/2012,12:33 PM,0,0,0,0,0,0,60,0,0,0,S
6/27/2012,12:34 PM,0,0,0,0,0,0,60,0,0,0,S
6/27/2012,12:35 PM,0,0,0,0,0,0,60,0,0,0,S
6/27/2012,12:36 PM,0,0,0,0,0,0,60,0,0,0,S
6/27/2012,12:37 PM,139,131,102,217,1,0,50,10,0,0,W
6/27/2012,12:38 PM,1331,801,1544,2190,8,0,0,20,40,0,W
6/27/2012,12:39 PM,0,31,6,32,0,0,0,0,60,0,W
6/27/2012,12:40 PM,0,0,0,0,0,0,0,0,60,0,S
6/27/2012,12:41 PM,0,2,0,2,0,0,0,0,60,0,S
6/27/2012,12:42 PM,0,11,0,11,0,0,0,0,60,0,W
6/27/2012,12:43 PM,0,0,0,0,0,0,0,0,60,0,W
6/27/2012,12:44 PM,1665,1141,1375,2442,18,0,0,29,31,0,W
6/27/2012,12:45 PM,146,445,186,504,5,10,0,60,0,0,W
6/27/2012,12:46 PM,34,353,131,378,3,15,0,55,5,0,W
6/27/2012,12:47 PM,101,293,267,409,3,28,0,60,0,0,W
6/27/2012,12:48 PM,46,120,255,286,1,3,0,60,0,0,W
6/27/2012,12:49 PM,95,123,200,253,3,3,0,60,0,0,S
6/27/2012,12:50 PM,16,17,53,58,1,0,0,60,0,0,S
6/27/2012,12:51 PM,301,426,601,796,6,5,0,60,0,0,S
6/27/2012,12:52 PM,15,111,159,194,1,18,0,60,0,0,S
6/27/2012,12:53 PM,21,51,92,107,2,4,0,60,0,0,S
6/27/2012,12:54 PM,37,123,148,196,1,0,0,59,1,0,W
6/27/2012,12:55 PM,59,147,239,287,2,5,0,58,2,0,W
6/27/2012,12:56 PM,1348,1068,1561,2323,17,0,0,30,30,0,W
6/27/2012,12:57 PM,0,0,0,0,0,0,0,0,60,0,W
6/27/2012,12:58 PM,0,58,24,63,0,0,0,0,37,23,S
6/27/2012,12:59 PM,0,61,31,68,0,0,0,0,24,36,S
6/27/2012,1:00 PM,204,157,196,324,1,0,0,40,8,12,W
6/27/2012,1:01 PM,0,0,0,0,0,0,0,60,0,0,W
6/27/2012,1:02 PM,182,195,237,357,2,0,0,60,0,0,W
6/27/2012,1:03 PM,2537,1945,2824,4265,33,0,0,25,35,0,W
6/27/2012,1:04 PM,0,32,77,83,0,0,0,2,58,0,W
6/27/2012,1:05 PM,0,111,66,129,0,0,0,8,52,0,W
6/27/2012,1:06 PM,112,254,232,362,3,0,0,7,53,0,W
6/27/2012,1:07 PM,160,181,499,554,4,0,0,10,50,0,W
6/27/2012,1:08 PM,234,291,480,608,4,0,0,40,20,0,S
6/27/2012,1:09 PM,0,79,152,171,0,0,0,6,54,0,S
6/27/2012,1:10 PM,78,71,243,265,2,0,0,60,0,0,S
6/27/2012,1:11 PM,6,24,9,26,1,0,0,60,0,0,S
6/27/2012,1:12 PM,0,0,5,5,0,0,0,60,0,0,S
6/27/2012,1:13 PM,53,79,69,118,2,0,0,11,49,0,W
6/27/2012,1:14 PM,96,264,180,334,2,0,0,24,36,0,W
6/27/2012,1:15 PM,3018,2268,2584,4575,42,392,0,60,0,0,W
6/27/2012,1:16 PM,718,895,1016,1533,14,2229,0,55,5,0,W
6/27/2012,1:17 PM,3860,2766,3901,6146,49,1129,0,60,0,0,W
6/27/2012,1:18 PM,0,0,0,0,0,0,0,0,60,0,W
6/27/2012,1:19 PM,33,76,112,139,1,0,0,0,60,0,W
6/27/2012,1:20 PM,38,97,44,113,1,0,0,0,60,0,W
6/27/2012,1:21 PM,0,17,6,18,0,0,0,0,60,0,W
6/27/2012,1:22 PM,0,5,0,5,0,0,0,0,60,0,W
6/27/2012,1:23 PM,0,0,0,0,0,0,0,0,60,0,W
6/27/2012,1:24 PM,2537,1865,2534,4042,33,0,0,40,20,0,W
6/27/2012,1:25 PM,54,315,258,411,4,0,0,60,0,0,W
6/27/2012,1:26 PM,1054,722,1065,1663,15,0,0,60,0,0,W
6/27/2012,1:27 PM,6,51,46,69,1,0,0,51,9,0,W
6/27/2012,1:28 PM,675,514,318,906,13,0,0,50,10,0,W
6/27/2012,1:29 PM,1233,1094,1193,2035,16,0,0,58,2,0,W
6/27/2012,1:30 PM,2430,1786,1892,3560,32,0,0,56,4,0,W
6/27/2012,1:31 PM,47,145,144,210,2,0,0,60,0,0,W
6/27/2012,1:32 PM,26,47,64,84,1,0,0,60,0,0,W
6/27/2012,1:33 PM,0,11,22,25,0,0,0,60,0,0,W
6/27/2012,1:34 PM,1087,978,1036,1792,12,0,0,34,26,0,W
6/27/2012,1:35 PM,918,802,1216,1722,4,0,0,20,40,0,W
6/27/2012,1:36 PM,0,0,0,0,0,0,60,0,0,0,W
6/27/2012,1:37 PM,475,492,877,1112,1,0,50,10,0,0,W
6/27/2012,1:38 PM,347,372,580,771,3,0,0,20,40,0,W
6/27/2012,1:39 PM,116,149,203,277,2,0,0,10,50,0,W
6/27/2012,1:40 PM,0,106,56,120,0,0,0,0,60,0,S
6/27/2012,1:41 PM,0,7,0,7,0,0,0,0,60,0,S
6/27/2012,1:42 PM,181,264,184,369,1,0,0,10,50,0,W
6/27/2012,1:43 PM,95,68,184,218,1,0,0,10,50,0,S
6/27/2012,1:44 PM,144,203,229,338,1,0,0,19,41,0,S
6/27/2012,1:45 PM,88,167,168,253,1,0,0,10,50,0,S
6/27/2012,1:46 PM,0,0,0,0,0,0,0,0,60,0,S
6/27/2012,1:47 PM,0,0,0,0,0,0,0,0,60,0,S
6/27/2012,1:48 PM,0,0,0,0,0,0,0,0,60,0,S
6/27/2012,1:49 PM,0,0,0,0,0,0,0,0,60,0,S
6/27/2012,1:50 PM,0,0,0,0,0,0,0,0,60,0,S
6/27/2012,1:51 PM,0,0,0,0,0,0,0,0,60,0,S
6/27/2012,1:52 PM,36,106,56,125,1,0,0,0,60,0,W
6/27/2012,1:53 PM,6,40,20,45,0,0,0,0,51,9,W
6/27/2012,1:54 PM,3332,2096,3091,5005,38,1361,0,60,0,0,W
6/27/2012,1:55 PM,82,186,179,271,2,2424,0,60,0,0,W
6/27/2012,1:56 PM,1447,916,1391,2206,18,2248,0,60,0,0,W
6/27/2012,1:57 PM,2296,1821,2319,3737,27,0,0,20,40,0,W
6/27/2012,1:58 PM,183,168,409,479,3,0,0,11,49,0,W
6/27/2012,1:59 PM,46,162,49,175,0,7,0,0,60,0,W
6/27/2012,2:00 PM,522,410,447,800,6,4,0,20,40,0,W
6/27/2012,2:01 PM,20,49,30,61,1,0,0,0,60,0,W
6/27/2012,2:02 PM,0,5,0,5,0,0,0,0,60,0,S
6/27/2012,2:03 PM,271,440,378,640,3,0,0,20,40,0,W
6/27/2012,2:04 PM,87,109,150,205,3,0,0,0,60,0,W
6/27/2012,2:05 PM,52,470,346,586,1,4,0,0,60,0,S
6/27/2012,2:06 PM,113,418,223,487,2,0,0,0,60,0,S
6/27/2012,2:07 PM,115,228,248,356,2,0,0,10,50,0,S
6/27/2012,2:08 PM,45,146,370,400,2,0,0,2,58,0,S
6/27/2012,2:09 PM,62,245,144,291,1,0,0,0,60,0,S
6/27/2012,2:10 PM,184,503,507,738,5,0,0,10,47,3,S
6/27/2012,2:11 PM,231,308,248,458,3,0,0,11,43,6,S
6/27/2012,2:12 PM,0,0,0,0,0,0,0,0,60,0,S
6/27/2012,2:13 PM,0,0,6,6,0,0,0,0,60,0,S
6/27/2012,2:14 PM,0,9,31,32,0,0,0,0,60,0,S
6/27/2012,2:15 PM,130,269,292,418,6,0,0,10,50,0,S
6/27/2012,2:16 PM,0,0,0,0,0,0,0,0,60,0,S
6/27/2012,2:17 PM,39,24,41,61,1,0,0,0,60,0,S
6/27/2012,2:18 PM,0,0,0,0,0,0,0,0,60,0,S
6/27/2012,2:19 PM,0,0,0,0,0,0,0,0,60,0,S
6/27/2012,2:20 PM,358,604,417,817,6,0,0,30,30,0,S
6/27/2012,2:21 PM,33,178,176,252,1,0,0,44,16,0,W
6/27/2012,2:22 PM,100,233,187,315,2,0,0,40,20,0,W
6/27/2012,2:23 PM,2009,1837,2574,3746,27,8,0,49,11,0,W
6/27/2012,2:24 PM,45,101,143,181,1,0,0,2,58,0,W
6/27/2012,2:25 PM,104,32,75,132,1,0,0,10,50,0,W
6/27/2012,2:26 PM,0,1,0,1,0,0,0,0,0,60,W
6/27/2012,2:27 PM,0,0,0,0,0,0,0,0,0,60,W
6/27/2012,2:28 PM,121,361,159,413,1,0,0,10,20,30,S
6/27/2012,2:29 PM,82,203,247,330,1,0,0,11,49,0,S
6/27/2012,2:30 PM,118,375,308,499,3,0,0,1,59,0,S
6/27/2012,2:31 PM,101,214,326,403,2,0,0,50,10,0,W
6/27/2012,2:32 PM,350,550,770,1009,5,0,0,60,0,0,W
6/27/2012,2:33 PM,2129,1906,2619,3876,27,0,0,60,0,0,W
6/27/2012,2:34 PM,882,662,939,1448,11,0,0,60,0,0,W
6/27/2012,2:35 PM,2411,2220,3293,4646,29,0,0,60,0,0,W
6/27/2012,2:36 PM,2111,1777,2307,3597,26,0,0,59,1,0,W
6/27/2012,2:37 PM,3706,2462,3327,5556,42,5,0,60,0,0,W
6/27/2012,2:38 PM,2784,2508,2634,4580,37,963,0,60,0,0,W
6/27/2012,2:39 PM,62,89,41,116,0,2500,0,0,0,60,W
6/27/2012,2:40 PM,3513,2285,3248,5302,42,1819,0,30,0,30,W
6/27/2012,2:41 PM,923,945,1420,1939,17,0,0,60,0,0,W
6/27/2012,2:42 PM,0,0,0,0,0,0,0,0,60,0,W
6/27/2012,2:43 PM,19,39,349,352,0,0,0,0,60,0,W
6/27/2012,2:44 PM,0,2,0,2,0,0,0,0,60,0,W
6/27/2012,2:45 PM,188,309,422,556,2,0,0,11,49,0,W
6/27/2012,2:46 PM,0,126,36,131,0,0,0,0,60,0,S
6/27/2012,2:47 PM,224,382,513,678,3,0,0,20,28,12,S
6/27/2012,2:48 PM,0,0,0,0,0,0,0,0,55,5,S
6/27/2012,2:49 PM,0,0,0,0,0,0,0,0,56,4,S
6/27/2012,2:50 PM,126,273,186,354,2,0,0,20,39,1,S
6/27/2012,2:51 PM,27,215,190,288,1,0,0,6,54,0,S
6/27/2012,2:52 PM,165,77,232,295,2,0,0,10,50,0,S
6/27/2012,2:53 PM,348,438,485,740,2,0,0,30,30,0,W
6/27/2012,2:54 PM,0,6,26,27,0,0,0,0,60,0,S
6/27/2012,2:55 PM,0,0,7,7,0,0,0,0,60,0,S
6/27/2012,2:56 PM,30,140,83,165,0,0,0,5,55,0,S
6/27/2012,2:57 PM,0,0,0,0,0,0,0,60,0,0,S
6/27/2012,2:58 PM,24,135,79,158,1,0,0,2,58,0,S
6/27/2012,2:59 PM,0,4,9,10,0,0,0,0,60,0,S
6/27/2012,3:00 PM,9,42,32,54,0,0,0,0,60,0,S
6/27/2012,3:01 PM,0,20,17,26,0,0,0,0,60,0,S
6/27/2012,3:02 PM,193,343,362,535,2,0,0,11,49,0,S
6/27/2012,3:03 PM,74,73,270,289,2,0,0,0,60,0,S
6/27/2012,3:04 PM,0,0,0,0,0,0,0,0,60,0,S
6/27/2012,3:05 PM,0,216,101,238,0,0,0,0,60,0,S
6/27/2012,3:06 PM,0,18,8,20,0,0,0,0,60,0,S
6/27/2012,3:07 PM,0,20,9,22,0,0,0,0,60,0,S
6/27/2012,3:08 PM,0,0,0,0,0,0,0,0,60,0,S
6/27/2012,3:09 PM,116,70,173,220,1,0,0,10,50,0,S
6/27/2012,3:10 PM,4,36,6,37,0,0,0,60,0,0,S
6/27/2012,3:11 PM,0,12,4,13,0,0,0,60,0,0,S
6/27/2012,3:12 PM,0,0,0,0,0,0,0,60,0,0,S
6/27/2012,3:13 PM,116,291,216,381,2,0,0,40,20,0,S
6/27/2012,3:14 PM,133,480,355,612,3,0,0,19,41,0,S
6/27/2012,3:15 PM,129,133,79,201,1,0,0,30,30,0,S
6/27/2012,3:16 PM,80,208,77,236,0,0,0,60,0,0,S
6/27/2012,3:17 PM,59,379,108,398,2,0,0,0,60,0,S
6/27/2012,3:18 PM,451,279,426,680,5,0,0,20,40,0,W
6/27/2012,3:19 PM,0,41,17,44,0,0,0,0,60,0,S
6/27/2012,3:20 PM,0,0,0,0,0,0,0,0,60,0,S
6/27/2012,3:21 PM,125,147,138,237,1,0,0,20,40,0,S
6/27/2012,3:22 PM,352,436,741,929,3,0,0,30,30,0,W
6/27/2012,3:23 PM,80,326,766,836,2,0,0,12,48,0,S
6/27/2012,3:24 PM,68,131,180,233,1,0,0,0,60,0,S
6/27/2012,3:25 PM,21,121,183,220,1,0,0,0,60,0,S
6/27/2012,3:26 PM,0,15,11,19,0,0,0,0,60,0,S
6/27/2012,3:27 PM,0,0,1,1,0,0,0,0,60,0,S
6/27/2012,3:28 PM,41,58,39,81,0,0,0,0,60,0,S
6/27/2012,3:29 PM,0,44,7,45,0,0,0,0,60,0,S
6/27/2012,3:30 PM,26,241,31,244,1,0,0,0,60,0,S
6/27/2012,3:31 PM,63,107,41,131,1,0,0,0,60,0,S
6/27/2012,3:32 PM,0,42,19,46,0,0,0,0,60,0,S
6/27/2012,3:33 PM,118,66,122,182,2,0,0,50,10,0,S
6/27/2012,3:34 PM,84,87,56,133,1,0,0,30,30,0,S
6/27/2012,3:35 PM,140,454,212,520,2,0,0,0,60,0,S
6/27/2012,3:36 PM,187,678,432,825,3,0,0,11,49,0,S
6/27/2012,3:37 PM,87,144,255,305,1,0,0,20,40,0,S
6/27/2012,3:38 PM,153,498,110,532,2,0,0,21,39,0,S
6/27/2012,3:39 PM,55,69,385,395,1,0,0,0,60,0,S
6/27/2012,3:40 PM,11,36,63,73,0,0,0,0,60,0,W
6/27/2012,3:41 PM,239,392,773,899,5,0,0,20,40,0,W
6/27/2012,3:42 PM,3850,2785,3820,6097,47,6,0,60,0,0,W
6/27/2012,3:43 PM,2653,1852,2648,4181,34,1379,0,60,0,0,W
6/27/2012,3:44 PM,51,292,201,358,1,1285,0,60,0,0,W
6/27/2012,3:45 PM,3868,2365,3402,5668,40,1239,0,60,0,0,W
6/27/2012,3:46 PM,574,552,890,1194,7,0,0,14,46,0,W
6/27/2012,3:47 PM,0,17,384,384,0,0,0,36,24,0,W
6/27/2012,3:48 PM,27,80,25,88,1,0,0,0,60,0,W
6/27/2012,3:49 PM,25,34,68,80,1,0,0,0,60,0,W
6/27/2012,3:50 PM,2,74,3,74,0,0,0,0,60,0,S
6/27/2012,3:51 PM,1,38,26,46,1,0,0,0,60,0,S
6/27/2012,3:52 PM,51,36,81,102,1,0,0,0,60,0,S
6/27/2012,3:53 PM,68,112,173,217,0,0,0,0,60,0,S
6/27/2012,3:54 PM,65,88,81,136,1,0,0,0,60,0,S
6/27/2012,3:55 PM,47,64,86,117,0,0,0,0,60,0,S
6/27/2012,3:56 PM,301,541,642,892,5,0,0,20,40,0,W
6/27/2012,3:57 PM,387,825,444,1014,7,0,0,21,39,0,W
6/27/2012,3:58 PM,702,1151,1101,1741,11,0,0,55,5,0,W
6/27/2012,3:59 PM,3367,2185,3039,5035,40,4,0,60,0,0,W
6/27/2012,4:00 PM,34,149,111,189,2,0,0,47,13,0,W
6/27/2012,4:01 PM,0,0,14,14,0,0,0,0,60,0,W
6/27/2012,4:02 PM,92,201,184,288,3,0,0,10,50,0,W
6/27/2012,4:03 PM,3932,2511,3834,6039,52,5,0,60,0,0,W
6/27/2012,4:04 PM,295,305,396,580,6,0,0,60,0,0,W
6/27/2012,4:05 PM,0,0,0,0,0,0,0,60,0,0,W
6/27/2012,4:06 PM,0,42,44,61,0,0,0,58,2,0,W
6/27/2012,4:07 PM,1278,951,923,1841,17,0,0,60,0,0,W
6/27/2012,4:08 PM,392,267,406,624,5,22,0,60,0,0,W
6/27/2012,4:09 PM,2120,767,1572,2748,35,1050,0,60,0,0,W
6/27/2012,4:10 PM,2301,1844,2128,3636,27,1183,0,60,0,0,W
6/27/2012,4:11 PM,16,17,12,26,0,0,0,0,58,2,W
6/27/2012,4:12 PM,43,53,85,109,3,0,0,0,54,6,W
6/27/2012,4:13 PM,15,14,12,24,1,0,0,0,56,4,W
6/27/2012,4:14 PM,0,0,0,0,0,0,0,0,57,3,W
6/27/2012,4:15 PM,0,0,11,11,0,0,0,0,60,0,S
6/27/2012,4:16 PM,32,37,69,85,1,0,0,0,59,1,S
6/27/2012,4:17 PM,44,22,56,75,1,0,0,0,57,3,S
6/27/2012,4:18 PM,3,80,23,83,1,0,0,0,60,0,S
6/27/2012,4:19 PM,0,0,0,0,0,0,0,0,60,0,S
6/27/2012,4:20 PM,2,14,0,14,0,0,0,0,60,0,S
6/27/2012,4:21 PM,0,4,0,4,0,0,0,0,60,0,S
6/27/2012,4:22 PM,21,29,21,42,2,0,0,0,48,12,S
6/27/2012,4:23 PM,108,58,58,136,2,0,0,10,40,10,S
6/27/2012,4:24 PM,0,0,0,0,0,0,0,0,60,0,S
6/27/2012,4:25 PM,7,0,0,7,1,0,0,0,60,0,S
6/27/2012,4:26 PM,0,0,0,0,0,0,0,0,60,0,S
6/27/2012,4:27 PM,0,0,3,3,0,0,0,0,60,0,S
6/27/2012,4:28 PM,0,0,0,0,0,0,0,0,49,11,S
6/27/2012,4:29 PM,0,0,5,5,0,0,0,0,60,0,S
6/27/2012,4:30 PM,0,2,6,6,0,0,0,0,60,0,S
6/27/2012,4:31 PM,7,0,50,50,0,0,0,0,60,0,S
6/27/2012,4:32 PM,0,0,0,0,0,0,0,0,60,0,S
6/27/2012,4:33 PM,0,0,0,0,0,0,0,0,57,3,S
6/27/2012,4:34 PM,0,0,0,0,0,0,0,0,60,0,S
6/27/2012,4:35 PM,0,0,0,0,0,0,0,0,60,0,S
6/27/2012,4:36 PM,0,8,37,38,0,0,0,0,60,0,S
6/27/2012,4:37 PM,0,4,13,14,0,0,0,0,60,0,S
6/27/2012,4:38 PM,12,0,79,80,1,0,0,0,60,0,S
6/27/2012,4:39 PM,0,0,4,4,0,0,0,0,60,0,S
6/27/2012,4:40 PM,0,9,9,13,0,0,0,0,59,1,S
6/27/2012,4:41 PM,0,0,0,0,0,0,0,0,60,0,S
6/27/2012,4:42 PM,0,0,0,0,0,0,0,0,60,0,S
6/27/2012,4:43 PM,48,84,37,104,2,0,0,0,59,1,S
6/27/2012,4:44 PM,62,85,38,112,2,0,0,0,60,0,S
6/27/2012,4:45 PM,0,14,0,14,0,0,0,0,60,0,W
6/27/2012,4:46 PM,1,78,0,78,0,0,0,0,60,0,W
6/27/2012,4:47 PM,3800,2684,3518,5833,44,1248,0,40,20,0,W
6/27/2012,4:48 PM,3281,2084,2762,4768,39,211,0,60,0,0,W
6/27/2012,4:49 PM,6275,4447,5356,9372,72,125,0,60,0,0,W
6/27/2012,4:50 PM,405,567,558,893,5,179,0,10,47,3,W
6/27/2012,4:51 PM,53,125,61,149,1,0,1,0,53,6,W
6/27/2012,4:52 PM,0,0,0,0,0,0,0,0,57,3,W
6/27/2012,4:53 PM,1809,1636,1926,3108,23,381,0,20,38,2,W
6/27/2012,4:54 PM,7599,5995,8152,12655,84,898,0,60,0,0,W
6/27/2012,4:55 PM,731,637,652,1168,10,35,0,60,0,0,W
6/27/2012,4:56 PM,1491,1171,1172,2229,17,32,0,50,0,10,W
6/27/2012,4:57 PM,689,451,643,1045,10,13,0,30,0,30,W
6/27/2012,4:58 PM,3640,2517,3358,5555,44,51,0,40,0,20,W
6/27/2012,4:59 PM,8581,6267,8607,13674,101,48,0,60,0,0,W
6/27/2012,5:00 PM,7677,6347,7955,12748,85,29,0,60,0,0,W
6/27/2012,5:01 PM,6495,5543,7945,11663,76,58,0,60,0,0,W
6/27/2012,5:02 PM,9482,7517,10373,15938,108,83,0,60,0,0,W
6/27/2012,5:03 PM,1366,1319,1582,2472,21,3,0,58,2,0,W
6/27/2012,5:04 PM,122,175,228,312,2,0,0,60,0,0,W
6/27/2012,5:05 PM,2985,2345,3280,5017,39,14,0,60,0,0,W
6/27/2012,5:06 PM,6648,3904,4790,9076,80,228,0,60,0,0,W
6/27/2012,5:07 PM,7536,5276,7356,11779,86,251,0,60,0,0,W
6/27/2012,5:08 PM,4120,3152,3377,6190,48,80,0,60,0,0,W
6/27/2012,5:09 PM,1714,1538,1862,2961,21,139,0,50,10,0,W
6/27/2012,5:10 PM,4345,2747,3989,6507,50,1499,0,60,0,0,W
6/27/2012,5:11 PM,0,34,4,34,0,0,0,0,60,0,W
6/27/2012,5:12 PM,0,0,0,0,0,0,0,0,60,0,W
6/27/2012,5:13 PM,0,0,0,0,0,0,0,0,60,0,W
6/27/2012,5:14 PM,0,0,0,0,0,0,0,0,60,0,W
6/27/2012,5:15 PM,29,159,62,173,1,0,0,0,56,4,S
6/27/2012,5:16 PM,7,75,7,76,1,0,0,0,57,3,S
6/27/2012,5:17 PM,67,120,62,151,2,0,0,0,58,2,S
6/27/2012,5:18 PM,0,0,4,4,0,0,0,0,60,0,S
6/27/2012,5:19 PM,0,17,9,19,0,0,0,0,60,0,W
6/27/2012,5:20 PM,177,265,119,340,5,11,0,20,40,0,W
6/27/2012,5:21 PM,3072,2471,2847,4863,38,262,0,60,0,0,W
6/27/2012,5:22 PM,1717,1520,2213,3187,23,32,0,54,6,0,W
6/27/2012,5:23 PM,3586,2954,3465,5796,44,44,0,60,0,0,W
6/27/2012,5:24 PM,2410,1504,2085,3524,30,23,0,60,0,0,W
6/27/2012,5:25 PM,535,793,769,1227,4,0,0,10,0,50,W
6/27/2012,5:26 PM,0,314,255,405,0,0,0,0,0,60,W
6/27/2012,5:27 PM,532,599,581,990,6,0,0,20,40,0,W
6/27/2012,5:28 PM,0,0,0,0,0,0,0,0,60,0,W
6/27/2012,5:29 PM,0,0,0,0,0,0,0,0,60,0,S
6/27/2012,5:30 PM,0,0,0,0,0,0,10,0,50,0,S
6/27/2012,5:31 PM,77,67,235,256,1,0,10,10,40,0,S
6/27/2012,5:32 PM,0,0,0,0,0,0,0,0,60,0,S
6/27/2012,5:33 PM,0,0,0,0,0,0,0,0,60,0,S
6/27/2012,5:34 PM,0,0,0,0,0,0,0,0,60,0,S
6/27/2012,5:35 PM,0,0,0,0,0,0,0,0,60,0,S
6/27/2012,5:36 PM,0,0,0,0,0,0,0,0,60,0,S
6/27/2012,5:37 PM,0,3,0,3,0,0,0,0,60,0,W
6/27/2012,5:38 PM,61,58,32,90,1,0,0,0,60,0,W
6/27/2012,5:39 PM,2915,2005,2776,4497,38,48,0,60,0,0,W
6/27/2012,5:40 PM,2286,1578,2249,3574,27,300,0,60,0,0,W
6/27/2012,5:41 PM,2261,1175,1923,3192,26,230,0,30,0,30,W
6/27/2012,5:42 PM,2323,1561,2648,3853,27,128,0,60,0,0,W
6/27/2012,5:43 PM,902,788,814,1448,12,14,0,20,1,39,W
6/27/2012,5:44 PM,2935,2829,2982,5051,35,164,0,60,0,0,W
6/27/2012,5:45 PM,2582,2232,2724,4367,33,0,0,60,0,0,W
6/27/2012,5:46 PM,2127,1890,1884,3413,31,0,0,60,0,0,W
6/27/2012,5:47 PM,1078,943,1416,2014,17,0,0,60,0,0,W
6/27/2012,5:48 PM,3478,2270,2716,4962,39,0,0,60,0,0,W
6/27/2012,5:49 PM,53,334,215,401,1,0,0,7,53,0,W
6/27/2012,5:50 PM,0,0,2,2,0,0,0,0,60,0,W
6/27/2012,5:51 PM,24,130,169,215,1,0,0,4,56,0,W
6/27/2012,5:52 PM,470,467,557,866,5,0,0,13,27,20,W
6/27/2012,5:53 PM,0,21,23,31,0,0,0,0,0,60,S
6/27/2012,5:54 PM,14,200,92,221,0,0,0,0,0,60,W
6/27/2012,5:55 PM,531,644,648,1057,7,0,0,30,0,30,W
6/27/2012,5:56 PM,1067,1231,1379,2134,17,13,0,59,1,0,W
6/27/2012,5:57 PM,29,187,206,280,1,7,0,16,44,0,W
6/27/2012,5:58 PM,1405,1368,1214,2306,17,18,0,30,0,30,W
6/27/2012,5:59 PM,711,764,839,1339,11,0,0,45,15,0,W
6/27/2012,6:00 PM,81,266,270,388,2,0,0,21,39,0,W
6/27/2012,6:01 PM,42,106,105,155,1,0,0,40,20,0,W
6/27/2012,6:02 PM,0,44,21,49,0,0,0,0,60,0,W
6/27/2012,6:03 PM,14,22,55,61,0,0,0,0,60,0,S
6/27/2012,6:04 PM,0,0,0,0,0,0,0,0,60,0,S
6/27/2012,6:05 PM,32,0,26,41,1,0,0,0,60,0,S
6/27/2012,6:06 PM,21,25,36,49,0,0,0,0,60,0,S
6/27/2012,6:07 PM,0,0,0,0,0,0,0,0,60,0,S
6/27/2012,6:08 PM,35,2,30,46,1,0,0,0,60,0,S
6/27/2012,6:09 PM,0,0,0,0,0,0,0,0,60,0,S
6/27/2012,6:10 PM,126,333,430,558,1,0,0,14,46,0,S
6/27/2012,6:11 PM,0,0,0,0,0,0,0,60,0,0,S
6/27/2012,6:12 PM,0,4,0,4,0,0,0,60,0,0,S
6/27/2012,6:13 PM,167,281,186,376,2,0,0,50,0,10,W
6/27/2012,6:14 PM,218,418,312,565,1,0,0,16,44,0,W
6/27/2012,6:15 PM,2474,2690,3014,4737,36,0,0,40,20,0,W
6/27/2012,6:16 PM,958,1256,1241,2009,21,0,0,59,1,0,W
6/27/2012,6:17 PM,3151,2844,3745,5661,43,0,0,57,3,0,W
6/27/2012,6:18 PM,2659,2964,3036,5007,43,0,0,60,0,0,W
6/27/2012,6:19 PM,3152,2707,3233,5265,40,0,0,60,0,0,W
6/27/2012,6:20 PM,3090,2719,3436,5362,45,90,0,60,0,0,W
6/27/2012,6:21 PM,1880,2068,2311,3627,29,153,0,59,1,0,W
6/27/2012,6:22 PM,891,715,968,1497,13,232,0,50,10,0,W
6/27/2012,6:23 PM,2891,2725,3472,5276,36,206,0,30,30,0,W
6/27/2012,6:24 PM,133,282,324,450,4,0,0,16,44,0,W
6/27/2012,6:25 PM,156,108,83,207,2,0,0,10,50,0,W
6/27/2012,6:26 PM,19,108,185,215,1,0,0,1,59,0,W
6/27/2012,6:27 PM,358,546,532,842,7,0,0,20,40,0,W
6/27/2012,6:28 PM,62,19,40,76,1,0,0,0,60,0,S
6/27/2012,6:29 PM,105,110,230,276,1,0,0,10,50,0,S
6/27/2012,6:30 PM,0,0,0,0,0,0,0,0,60,0,S
6/27/2012,6:31 PM,65,142,140,210,3,0,0,2,58,0,S
6/27/2012,6:32 PM,73,30,44,90,1,0,0,10,50,0,S
6/27/2012,6:33 PM,0,46,26,53,0,0,0,0,60,0,S
6/27/2012,6:34 PM,0,0,0,0,0,0,0,0,60,0,S
6/27/2012,6:35 PM,23,54,104,119,0,0,0,0,60,0,S
6/27/2012,6:36 PM,0,0,0,0,0,0,0,0,60,0,W
6/27/2012,6:37 PM,0,0,0,0,0,0,0,0,60,0,W
6/27/2012,6:38 PM,1864,1611,2200,3303,28,0,0,41,19,0,W
6/27/2012,6:39 PM,96,153,204,272,1,0,0,0,60,0,W
6/27/2012,6:40 PM,0,0,0,0,0,0,0,0,60,0,W
6/27/2012,6:41 PM,85,204,318,387,1,0,0,10,50,0,W
6/27/2012,6:42 PM,0,0,0,0,0,0,0,0,60,0,W
6/27/2012,6:43 PM,0,0,0,0,0,0,0,0,60,0,S
6/27/2012,6:44 PM,67,48,185,203,1,0,0,0,60,0,S
6/27/2012,6:45 PM,1,5,33,33,0,0,0,0,60,0,S
6/27/2012,6:46 PM,0,0,0,0,0,0,0,0,60,0,S
6/27/2012,6:47 PM,0,0,0,0,0,0,0,0,60,0,S
6/27/2012,6:48 PM,0,0,0,0,0,0,0,0,60,0,S
6/27/2012,6:49 PM,0,0,0,0,0,0,0,0,60,0,W
6/27/2012,6:50 PM,308,273,421,589,3,0,0,10,50,0,W
6/27/2012,6:51 PM,2098,1663,2135,3424,29,154,0,50,10,0,W
6/27/2012,6:52 PM,0,0,0,0,0,403,0,0,60,0,W
6/27/2012,6:53 PM,94,96,119,179,1,418,0,10,50,0,W
6/27/2012,6:54 PM,2307,1768,2567,3878,32,82,0,26,34,0,W
6/27/2012,6:55 PM,0,0,0,0,0,0,0,0,60,0,W
6/27/2012,6:56 PM,0,0,14,14,0,0,0,0,60,0,W
6/27/2012,6:57 PM,0,0,11,11,0,0,0,0,60,0,W
6/27/2012,6:58 PM,0,0,0,0,0,0,0,0,60,0,W
6/27/2012,6:59 PM,172,343,433,579,2,0,0,10,50,0,S
6/27/2012,7:00 PM,0,0,0,0,0,0,0,0,60,0,S
6/27/2012,7:01 PM,0,0,0,0,0,0,0,0,60,0,S
6/27/2012,7:02 PM,117,134,248,305,1,0,0,0,60,0,S
6/27/2012,7:03 PM,0,0,0,0,0,0,0,0,60,0,S
6/27/2012,7:04 PM,0,0,0,0,0,0,0,0,60,0,S
6/27/2012,7:05 PM,74,43,86,121,1,0,0,10,50,0,S
6/27/2012,7:06 PM,0,0,0,0,0,0,0,0,60,0,S
6/27/2012,7:07 PM,75,172,192,268,1,0,0,10,50,0,S
6/27/2012,7:08 PM,0,0,0,0,0,0,0,0,60,0,S
6/27/2012,7:09 PM,0,0,0,0,0,0,0,0,60,0,S
6/27/2012,7:10 PM,0,0,0,0,0,0,0,0,60,0,S
6/27/2012,7:11 PM,0,0,0,0,0,0,0,0,60,0,S
6/27/2012,7:12 PM,36,140,148,207,1,0,0,0,60,0,S
6/27/2012,7:13 PM,0,0,0,0,0,0,0,0,60,0,S
6/27/2012,7:14 PM,0,0,41,41,0,0,0,0,60,0,S
6/27/2012,7:15 PM,0,0,38,38,0,0,0,0,60,0,S
6/27/2012,7:16 PM,0,0,44,44,0,0,0,0,60,0,S
6/27/2012,7:17 PM,0,0,0,0,0,0,0,0,60,0,S
6/27/2012,7:18 PM,0,0,0,0,0,0,0,0,60,0,S
6/27/2012,7:19 PM,0,4,30,30,0,0,0,0,60,0,S
6/27/2012,7:20 PM,0,0,20,20,0,0,0,0,60,0,S
6/27/2012,7:21 PM,0,0,0,0,0,0,0,0,60,0,S
6/27/2012,7:22 PM,127,192,194,301,1,0,0,10,50,0,S
6/27/2012,7:23 PM,0,0,0,0,0,0,0,0,60,0,W
6/27/2012,7:24 PM,114,130,238,294,1,0,0,10,50,0,W
6/27/2012,7:25 PM,3456,3021,3885,6014,49,5,0,51,9,0,W
6/27/2012,7:26 PM,327,550,553,846,6,64,0,60,0,0,W
6/27/2012,7:27 PM,0,0,0,0,0,98,0,0,60,0,W
6/27/2012,7:28 PM,1290,1097,1646,2362,19,68,0,30,30,0,W
6/27/2012,7:29 PM,1858,1610,1950,3138,25,0,0,20,40,0,W
6/27/2012,7:30 PM,0,0,0,0,0,0,0,0,60,0,W
6/27/2012,7:31 PM,0,0,0,0,0,0,0,0,60,0,W
6/27/2012,7:32 PM,0,0,0,0,0,0,0,0,60,0,W
6/27/2012,7:33 PM,0,0,0,0,0,0,0,0,60,0,W
6/27/2012,7:34 PM,0,0,0,0,0,0,0,0,60,0,S
6/27/2012,7:35 PM,0,0,0,0,0,0,50,0,10,0,S
6/27/2012,7:36 PM,45,43,148,161,1,0,0,0,60,0,S
6/27/2012,7:37 PM,0,0,0,0,0,0,0,0,60,0,S
6/27/2012,7:38 PM,0,0,0,0,0,0,0,0,60,0,S
6/27/2012,7:39 PM,0,0,0,0,0,0,0,0,60,0,S
6/27/2012,7:40 PM,21,24,107,112,0,0,0,0,60,0,S
6/27/2012,7:41 PM,0,0,0,0,0,0,0,0,60,0,S
6/27/2012,7:42 PM,6,19,43,47,0,0,0,0,60,0,S
6/27/2012,7:43 PM,0,0,0,0,0,0,0,0,60,0,S
6/27/2012,7:44 PM,0,0,0,0,0,0,0,0,60,0,S
6/27/2012,7:45 PM,0,0,28,28,0,0,0,0,60,0,S
6/27/2012,7:46 PM,20,25,50,59,0,0,0,0,60,0,W
6/27/2012,7:47 PM,0,0,0,0,0,0,0,0,60,0,W
6/27/2012,7:48 PM,1788,1186,1825,2817,23,0,0,20,40,0,W
6/27/2012,7:49 PM,589,864,1031,1468,11,0,0,60,0,0,W
6/27/2012,7:50 PM,0,0,0,0,0,0,0,0,0,60,W
6/27/2012,7:51 PM,2354,1654,2237,3644,30,0,0,40,0,20,W
6/27/2012,7:52 PM,51,94,107,151,1,0,0,0,60,0,W
6/27/2012,7:53 PM,0,0,0,0,0,0,0,0,60,0,W
6/27/2012,7:54 PM,0,0,0,0,0,0,0,0,60,0,W
6/27/2012,7:55 PM,0,0,0,0,0,0,0,0,60,0,W
6/27/2012,7:56 PM,0,0,0,0,0,0,0,0,60,0,S
6/27/2012,7:57 PM,96,169,169,258,1,0,0,10,50,0,S
6/27/2012,7:58 PM,0,0,0,0,0,0,0,0,60,0,S
6/27/2012,7:59 PM,0,0,0,0,0,0,0,0,60,0,S
6/27/2012,8:00 PM,0,0,0,0,0,0,0,0,60,0,S
6/27/2012,8:01 PM,5,0,20,21,0,0,0,0,60,0,S
6/27/2012,8:02 PM,0,0,0,0,0,0,0,0,60,0,S
6/27/2012,8:03 PM,0,0,26,26,0,0,0,0,60,0,S
6/27/2012,8:04 PM,0,0,0,0,0,0,0,0,60,0,S
6/27/2012,8:05 PM,0,0,0,0,0,0,0,0,60,0,S
6/27/2012,8:06 PM,0,0,0,0,0,0,0,0,60,0,S
6/27/2012,8:07 PM,0,0,0,0,0,0,60,0,0,0,S
6/27/2012,8:08 PM,0,6,21,22,0,0,0,0,60,0,S
6/27/2012,8:09 PM,0,9,5,10,0,0,0,0,60,0,S
6/27/2012,8:10 PM,0,0,43,43,0,0,0,0,60,0,S
6/27/2012,8:11 PM,0,0,0,0,0,0,0,0,60,0,S
6/27/2012,8:12 PM,0,0,0,0,0,0,0,0,60,0,S
6/27/2012,8:13 PM,0,0,0,0,0,0,0,0,60,0,S
6/27/2012,8:14 PM,0,0,57,57,0,0,0,0,60,0,S
6/27/2012,8:15 PM,0,0,0,0,0,0,0,0,60,0,S
6/27/2012,8:16 PM,0,0,63,63,0,0,0,0,60,0,S
6/27/2012,8:17 PM,0,0,33,33,0,0,0,0,60,0,S
6/27/2012,8:18 PM,0,0,5,5,0,0,0,0,60,0,S
6/27/2012,8:19 PM,0,0,6,6,0,0,0,0,60,0,S
6/27/2012,8:20 PM,28,62,53,86,0,0,0,0,60,0,W
6/27/2012,8:21 PM,1063,1102,1410,2081,15,36,0,60,0,0,W
6/27/2012,8:22 PM,2234,1576,2264,3550,29,45,0,60,0,0,W
6/27/2012,8:23 PM,243,376,476,653,3,0,0,10,1,49,W
6/27/2012,8:24 PM,0,0,0,0,0,0,0,0,0,60,W
6/27/2012,8:25 PM,2674,1924,2711,4266,37,0,0,40,20,0,W
6/27/2012,8:26 PM,34,18,182,186,0,0,0,0,60,0,W
6/27/2012,8:27 PM,0,0,0,0,0,0,0,0,60,0,W
6/27/2012,8:28 PM,0,0,0,0,0,0,0,0,60,0,W
6/27/2012,8:29 PM,0,0,0,0,0,0,0,0,60,0,W
6/27/2012,8:30 PM,0,0,0,0,0,0,0,0,60,0,S
6/27/2012,8:31 PM,0,0,0,0,0,0,0,0,60,0,S
6/27/2012,8:32 PM,47,46,107,126,1,0,0,0,60,0,S
6/27/2012,8:33 PM,94,99,127,186,1,0,0,10,50,0,S
6/27/2012,8:34 PM,0,43,66,79,0,0,0,0,60,0,S
6/27/2012,8:35 PM,0,0,0,0,0,0,0,0,60,0,S
6/27/2012,8:36 PM,0,0,0,0,0,0,0,0,60,0,S
6/27/2012,8:37 PM,0,0,0,0,0,0,10,0,50,0,S
6/27/2012,8:38 PM,0,0,0,0,0,0,0,0,60,0,S
6/27/2012,8:39 PM,18,185,192,267,0,0,0,0,60,0,S
6/27/2012,8:40 PM,0,0,46,46,0,0,0,0,60,0,S
6/27/2012,8:41 PM,0,0,0,0,0,0,0,0,60,0,S
6/27/2012,8:42 PM,0,0,1,1,0,0,0,0,60,0,S
6/27/2012,8:43 PM,0,0,8,8,0,0,0,0,60,0,S
6/27/2012,8:44 PM,0,0,0,0,0,0,0,0,60,0,W
6/27/2012,8:45 PM,0,0,0,0,0,0,0,0,60,0,W
6/27/2012,8:46 PM,2248,1931,2876,4130,28,0,0,30,30,0,W
6/27/2012,8:47 PM,720,1176,1121,1777,14,0,0,60,0,0,W
6/27/2012,8:48 PM,306,398,284,577,3,0,0,20,1,39,W
6/27/2012,8:49 PM,963,780,1188,1717,13,0,0,20,0,40,W
6/27/2012,8:50 PM,2130,1863,2455,3746,28,0,0,20,40,0,W
6/27/2012,8:51 PM,0,0,0,0,0,0,0,0,60,0,W
6/27/2012,8:52 PM,0,0,0,0,0,0,0,0,60,0,W
6/27/2012,8:53 PM,0,0,0,0,0,0,0,0,60,0,W
6/27/2012,8:54 PM,0,0,0,0,0,0,0,0,60,0,W
6/27/2012,8:55 PM,0,0,0,0,0,0,0,0,60,0,S
6/27/2012,8:56 PM,136,137,216,290,1,0,0,10,50,0,S
6/27/2012,8:57 PM,0,0,0,0,0,0,0,0,60,0,S
6/27/2012,8:58 PM,25,3,160,162,0,0,0,0,60,0,S
6/27/2012,8:59 PM,0,3,9,9,0,0,0,0,60,0,S
6/27/2012,9:00 PM,0,3,79,79,0,0,0,0,60,0,S
6/27/2012,9:01 PM,0,0,0,0,0,0,0,0,60,0,S
6/27/2012,9:02 PM,0,0,0,0,0,0,0,0,60,0,S
6/27/2012,9:03 PM,14,6,72,74,0,0,0,0,60,0,S
6/27/2012,9:04 PM,0,0,38,38,0,0,0,0,60,0,S
6/27/2012,9:05 PM,0,0,0,0,0,0,0,0,60,0,S
6/27/2012,9:06 PM,0,0,0,0,0,0,0,0,60,0,S
6/27/2012,9:07 PM,6,6,122,122,0,0,0,0,60,0,S
6/27/2012,9:08 PM,0,0,50,50,0,0,0,0,60,0,S
6/27/2012,9:09 PM,13,19,6,24,1,0,0,0,60,0,S
6/27/2012,9:10 PM,0,0,67,67,0,0,0,0,60,0,S
6/27/2012,9:11 PM,0,0,0,0,0,0,0,0,60,0,S
6/27/2012,9:12 PM,0,0,0,0,0,0,0,0,60,0,S
6/27/2012,9:13 PM,18,8,75,78,0,0,0,0,60,0,S
6/27/2012,9:14 PM,0,0,0,0,0,0,0,0,60,0,S
6/27/2012,9:15 PM,0,0,0,0,0,0,0,0,60,0,S
6/27/2012,9:16 PM,0,0,0,0,0,0,20,0,40,0,S
6/27/2012,9:17 PM,0,2,30,30,0,0,10,0,50,0,S
6/27/2012,9:18 PM,0,2,35,35,0,0,0,0,60,0,S
6/27/2012,9:19 PM,0,0,0,0,0,0,0,0,60,0,S
6/27/2012,9:20 PM,0,0,0,0,0,0,0,0,60,0,S
6/27/2012,9:21 PM,5,3,51,51,0,0,0,0,60,0,S
6/27/2012,9:22 PM,0,0,0,0,0,0,0,0,60,0,S
6/27/2012,9:23 PM,0,0,0,0,0,0,0,0,60,0,S
6/27/2012,9:24 PM,0,0,0,0,0,0,40,0,20,0,S
6/27/2012,9:25 PM,44,34,98,113,1,0,20,0,40,0,W
6/27/2012,9:26 PM,1203,853,1451,2069,19,0,0,10,50,0,W
6/27/2012,9:27 PM,1605,1568,2004,3008,25,0,0,59,1,0,W
6/27/2012,9:28 PM,136,512,364,643,2,0,0,28,20,12,W
6/27/2012,9:29 PM,0,0,0,0,0,0,0,0,3,57,W
6/27/2012,9:30 PM,3006,2250,3401,5066,43,0,0,49,1,10,W
6/27/2012,9:31 PM,0,40,7,41,0,0,0,0,60,0,W
6/27/2012,9:32 PM,5,18,102,104,0,0,0,0,60,0,W
6/27/2012,9:33 PM,2,10,44,45,0,0,0,0,60,0,W
6/27/2012,9:34 PM,50,26,31,64,1,0,0,0,56,4,W
6/27/2012,9:35 PM,0,0,0,0,0,0,0,0,19,41,S
6/27/2012,9:36 PM,0,0,0,0,0,0,0,0,60,0,S
6/27/2012,9:37 PM,0,0,0,0,0,0,0,0,60,0,S
6/27/2012,9:38 PM,8,42,64,77,1,0,0,0,60,0,S
6/27/2012,9:39 PM,0,0,0,0,0,0,0,0,60,0,S
6/27/2012,9:40 PM,0,0,0,0,0,0,0,0,60,0,S
6/27/2012,9:41 PM,0,0,0,0,0,0,0,0,60,0,S
6/27/2012,9:42 PM,0,0,0,0,0,0,0,0,60,0,S
6/27/2012,9:43 PM,0,0,0,0,0,0,0,0,60,0,S
6/27/2012,9:44 PM,0,0,0,0,0,0,0,0,60,0,S
6/27/2012,9:45 PM,0,0,0,0,0,0,0,0,60,0,S
6/27/2012,9:46 PM,0,0,0,0,0,0,0,0,60,0,S
6/27/2012,9:47 PM,83,173,296,353,3,0,0,10,50,0,S
6/27/2012,9:48 PM,0,0,0,0,0,0,0,0,60,0,S
6/27/2012,9:49 PM,4,0,35,35,0,0,0,0,60,0,S
6/27/2012,9:50 PM,0,0,58,58,0,0,0,0,60,0,S
6/27/2012,9:51 PM,0,0,68,68,0,0,0,0,60,0,S
6/27/2012,9:52 PM,26,53,137,149,0,0,0,0,60,0,S
6/27/2012,9:53 PM,30,127,99,164,1,0,0,0,60,0,S
6/27/2012,9:54 PM,57,96,336,354,2,0,0,0,60,0,S
6/27/2012,9:55 PM,9,8,108,109,0,0,0,0,60,0,S
6/27/2012,9:56 PM,0,14,31,34,0,0,0,0,60,0,S
6/27/2012,9:57 PM,0,0,0,0,0,0,0,0,60,0,S
6/27/2012,9:58 PM,0,0,121,121,0,0,0,0,60,0,S
6/27/2012,9:59 PM,0,2,19,19,0,0,0,0,60,0,S
6/27/2012,10:00 PM,6,8,53,54,1,0,0,0,60,0,S
6/27/2012,10:01 PM,20,23,128,132,0,0,0,0,60,0,S
6/27/2012,10:02 PM,17,40,154,160,0,0,0,0,60,0,S
6/27/2012,10:03 PM,0,0,14,14,0,0,0,0,60,0,S
6/27/2012,10:04 PM,0,5,3,6,0,0,0,0,60,0,S
6/27/2012,10:05 PM,0,0,2,2,0,0,0,0,60,0,S
6/27/2012,10:06 PM,0,0,6,6,0,0,0,0,60,0,S
6/27/2012,10:07 PM,11,8,43,45,0,0,0,0,60,0,W
6/27/2012,10:08 PM,0,2,0,2,0,0,0,0,60,0,W
6/27/2012,10:09 PM,2459,1953,2738,4166,33,0,0,45,15,0,W
6/27/2012,10:10 PM,1254,1728,1840,2819,24,0,0,59,1,0,W
6/27/2012,10:11 PM,616,1193,845,1586,10,0,0,30,0,30,W
6/27/2012,10:12 PM,0,0,0,0,0,0,0,0,0,60,W
6/27/2012,10:13 PM,402,414,501,764,6,0,0,20,0,40,W
6/27/2012,10:14 PM,1535,1615,1717,2813,29,0,0,60,0,0,W
6/27/2012,10:15 PM,1530,1322,1661,2617,17,0,0,20,0,40,W
6/27/2012,10:16 PM,2481,1934,3001,4348,30,0,0,50,0,10,W
6/27/2012,10:17 PM,967,995,1436,1997,15,34,0,60,0,0,W
6/27/2012,10:18 PM,2067,1714,2455,3638,32,0,0,60,0,0,W
6/27/2012,10:19 PM,5,153,345,377,1,0,0,60,0,0,W
6/27/2012,10:20 PM,100,347,812,889,4,0,0,58,2,0,W
6/27/2012,10:21 PM,4775,3725,5236,8006,60,0,0,50,0,10,W
6/27/2012,10:22 PM,690,442,658,1051,5,0,0,10,0,50,W
6/27/2012,10:23 PM,2266,2630,2461,4255,34,0,0,60,0,0,W
6/27/2012,10:24 PM,1250,1718,1310,2496,17,0,0,60,0,0,W
6/27/2012,10:25 PM,1363,1278,1217,2230,16,0,0,20,0,40,W
6/27/2012,10:26 PM,1903,1717,2338,3469,25,0,0,60,0,0,W
6/27/2012,10:27 PM,0,0,0,0,0,0,0,60,0,0,W
6/27/2012,10:28 PM,1417,1382,1457,2458,20,0,0,60,0,0,W
6/27/2012,10:29 PM,902,955,1248,1812,6,0,0,30,0,30,W
6/27/2012,10:30 PM,0,0,0,0,0,0,0,0,0,60,W
6/27/2012,10:31 PM,0,0,0,0,0,0,0,0,0,60,W
6/27/2012,10:32 PM,0,0,0,0,0,0,20,0,0,40,W
6/27/2012,10:33 PM,4709,3649,4808,7656,56,0,10,50,0,0,W
6/27/2012,10:34 PM,379,230,467,644,3,0,0,10,0,50,W
6/27/2012,10:35 PM,0,0,0,0,0,0,0,0,0,60,W
6/27/2012,10:36 PM,0,0,0,0,0,0,0,0,0,60,W
6/27/2012,10:37 PM,0,0,0,0,0,0,0,0,0,60,W
6/27/2012,10:38 PM,0,0,0,0,0,0,20,0,0,40,S
6/27/2012,10:39 PM,8,17,23,30,1,0,10,0,0,50,S
6/27/2012,10:40 PM,0,0,0,0,0,0,0,0,0,60,S
6/27/2012,10:41 PM,0,0,0,0,0,0,0,0,0,60,S
6/27/2012,10:42 PM,0,0,0,0,0,0,10,0,0,50,S
6/27/2012,10:43 PM,0,0,0,0,0,0,30,0,0,30,S
6/27/2012,10:44 PM,0,0,0,0,0,0,0,0,0,60,S
6/27/2012,10:45 PM,0,0,0,0,0,0,0,0,0,60,W
6/27/2012,10:46 PM,0,0,0,0,0,0,0,0,0,60,W
6/27/2012,10:47 PM,2013,1743,2252,3487,26,13,0,50,0,10,W
6/27/2012,10:48 PM,0,16,107,108,0,0,0,60,0,0,W
6/27/2012,10:49 PM,3258,2488,3470,5371,43,24,0,51,9,0,W
6/27/2012,10:50 PM,620,618,780,1172,11,0,0,40,0,20,W
6/27/2012,10:51 PM,14,0,0,14,1,0,0,0,14,46,W
6/27/2012,10:52 PM,0,0,0,0,0,0,0,0,60,0,W
6/27/2012,10:53 PM,2184,1954,2537,3876,30,0,0,40,10,10,W
6/27/2012,10:54 PM,5,28,35,45,0,0,0,0,0,60,W
6/27/2012,10:55 PM,0,0,0,0,0,0,0,0,0,60,W
6/27/2012,10:56 PM,0,0,0,0,0,0,0,0,0,60,W
6/27/2012,10:57 PM,2,80,143,164,0,0,0,0,0,60,W
6/27/2012,10:58 PM,0,0,0,0,0,0,0,0,0,60,S
6/27/2012,10:59 PM,0,0,0,0,0,0,0,0,0,60,S
6/27/2012,11:00 PM,0,0,0,0,0,0,0,0,0,60,S
6/27/2012,11:01 PM,0,0,0,0,0,0,0,0,0,60,S
6/27/2012,11:02 PM,0,23,39,45,0,0,0,0,0,60,S
6/27/2012,11:03 PM,0,0,0,0,0,0,0,0,0,60,S
6/27/2012,11:04 PM,0,9,15,17,0,0,0,0,0,60,S
6/27/2012,11:05 PM,0,0,0,0,0,0,0,0,0,60,S
6/27/2012,11:06 PM,0,0,0,0,0,0,0,0,0,60,S
6/27/2012,11:07 PM,0,0,0,0,0,0,0,0,0,60,S
6/27/2012,11:08 PM,0,25,30,39,0,0,0,0,0,60,S
6/27/2012,11:09 PM,0,0,0,0,0,0,0,0,0,60,S
6/27/2012,11:10 PM,37,25,56,72,1,0,0,0,0,60,S
6/27/2012,11:11 PM,0,2,13,13,0,0,0,0,0,60,S
6/27/2012,11:12 PM,0,0,0,0,0,0,0,0,0,60,S
6/27/2012,11:13 PM,0,0,0,0,0,0,0,0,0,60,S
6/27/2012,11:14 PM,0,6,4,7,0,0,0,0,0,60,W
6/27/2012,11:15 PM,0,0,0,0,0,0,0,0,0,60,W
6/27/2012,11:16 PM,1558,1401,1941,2856,26,0,0,40,0,20,W
6/27/2012,11:17 PM,203,444,380,619,3,0,0,19,41,0,W
6/27/2012,11:18 PM,0,0,0,0,0,0,0,0,60,0,W
6/27/2012,11:19 PM,2143,1554,2219,3454,29,0,0,50,0,10,W
6/27/2012,11:20 PM,24,116,167,205,1,0,0,0,0,60,W
6/27/2012,11:21 PM,0,0,0,0,0,0,0,0,0,60,W
6/27/2012,11:22 PM,0,0,0,0,0,0,0,0,0,60,W
6/27/2012,11:23 PM,0,0,0,0,0,0,0,0,0,60,W
6/27/2012,11:24 PM,0,3,0,3,0,0,0,0,0,60,S
6/27/2012,11:25 PM,0,0,0,0,0,0,0,0,0,60,W
6/27/2012,11:26 PM,0,0,0,0,0,0,0,0,0,60,W
6/27/2012,11:27 PM,1954,1753,2495,3622,25,16,0,59,1,0,W
6/27/2012,11:28 PM,0,0,0,0,0,0,0,60,0,0,W
6/27/2012,11:29 PM,16,271,118,296,2,0,0,47,13,0,W
6/27/2012,11:30 PM,1318,1120,1342,2189,18,28,0,42,18,0,W
6/27/2012,11:31 PM,16,29,152,156,0,0,0,0,60,0,W
6/27/2012,11:32 PM,0,0,0,0,0,0,0,0,60,0,S
6/27/2012,11:33 PM,0,0,0,0,0,0,0,0,60,0,S
6/27/2012,11:34 PM,0,0,0,0,0,0,0,0,60,0,W
6/27/2012,11:35 PM,0,0,0,0,0,0,0,0,60,0,W
6/27/2012,11:36 PM,1986,1698,2502,3618,21,0,0,30,30,0,W
6/27/2012,11:37 PM,0,11,20,23,0,0,0,0,0,60,W
6/27/2012,11:38 PM,0,0,0,0,0,0,0,0,0,60,W
6/27/2012,11:39 PM,0,0,0,0,0,0,0,0,0,60,W
6/27/2012,11:40 PM,0,0,0,0,0,0,0,0,0,60,W
6/27/2012,11:41 PM,0,27,25,37,0,0,0,0,0,60,S
6/27/2012,11:42 PM,0,0,0,0,0,0,0,0,0,60,S
6/27/2012,11:43 PM,0,0,0,0,0,0,0,0,0,60,S
6/27/2012,11:44 PM,0,0,0,0,0,0,0,0,0,60,W
6/27/2012,11:45 PM,299,479,402,693,5,0,0,10,0,50,W
6/27/2012,11:46 PM,1910,1600,2346,3422,34,0,0,60,0,0,W
6/27/2012,11:47 PM,16,66,40,79,1,0,0,60,0,0,W
6/27/2012,11:48 PM,783,843,815,1410,14,0,0,60,0,0,W
6/27/2012,11:49 PM,1145,1098,1350,2083,14,0,0,20,0,40,W
6/27/2012,11:50 PM,0,0,0,0,0,0,0,0,0,60,W
6/27/2012,11:51 PM,0,0,0,0,0,0,0,0,0,60,W
6/27/2012,11:52 PM,15,1,0,15,1,0,0,0,0,60,W
6/27/2012,11:53 PM,0,26,23,35,0,0,0,0,0,60,W
6/27/2012,11:54 PM,0,0,0,0,0,0,0,0,0,60,S
6/27/2012,11:55 PM,0,21,7,22,0,0,0,0,0,60,W
6/27/2012,11:56 PM,0,0,0,0,0,0,0,0,0,60,W
6/27/2012,11:57 PM,2436,1903,2334,3873,33,0,0,40,0,20,W
6/27/2012,11:58 PM,2768,1938,2739,4350,32,0,0,60,0,0,W
6/27/2012,11:59 PM,243,242,385,516,4,0,0,10,0,50,W
6/28/2012,12:00 AM,0,32,44,54,0,0,0,0,0,60,W
6/28/2012,12:01 AM,0,0,0,0,0,0,0,0,0,60,W
6/28/2012,12:02 AM,0,0,0,0,0,0,0,0,0,60,W
6/28/2012,12:03 AM,0,0,0,0,0,0,0,0,0,60,S
6/28/2012,12:04 AM,0,0,0,0,0,0,50,0,0,10,S
6/28/2012,12:05 AM,0,0,0,0,0,0,60,0,0,0,S
6/28/2012,12:06 AM,0,0,0,0,0,0,60,0,0,0,S
6/28/2012,12:07 AM,0,0,0,0,0,0,60,0,0,0,S
6/28/2012,12:08 AM,0,0,0,0,0,0,30,0,0,30,S
6/28/2012,12:09 AM,0,0,0,0,0,0,0,0,0,60,S
6/28/2012,12:10 AM,0,0,0,0,0,0,0,0,0,60,S
6/28/2012,12:11 AM,0,0,0,0,0,0,20,0,0,40,S
6/28/2012,12:12 AM,0,0,0,0,0,0,60,0,0,0,S
6/28/2012,12:13 AM,0,0,0,0,0,0,60,0,0,0,S
6/28/2012,12:14 AM,0,0,0,0,0,0,60,0,0,0,S
6/28/2012,12:15 AM,0,0,0,0,0,0,60,0,0,0,S
6/28/2012,12:16 AM,0,0,0,0,0,0,60,0,0,0,S
6/28/2012,12:17 AM,0,0,0,0,0,0,60,0,0,0,S
6/28/2012,12:18 AM,0,0,0,0,0,0,60,0,0,0,S
6/28/2012,12:19 AM,0,0,0,0,0,0,60,0,0,0,S
6/28/2012,12:20 AM,0,0,0,0,0,0,60,0,0,0,S
6/28/2012,12:21 AM,0,0,0,0,0,0,60,0,0,0,S
6/28/2012,12:22 AM,0,0,0,0,0,0,60,0,0,0,S
6/28/2012,12:23 AM,0,0,0,0,0,0,60,0,0,0,S
6/28/2012,12:24 AM,0,0,0,0,0,0,60,0,0,0,S
6/28/2012,12:25 AM,0,0,0,0,0,0,60,0,0,0,S
6/28/2012,12:26 AM,0,0,0,0,0,0,60,0,0,0,S
6/28/2012,12:27 AM,0,0,0,0,0,0,60,0,0,0,S
6/28/2012,12:28 AM,0,0,0,0,0,0,60,0,0,0,S
6/28/2012,12:29 AM,0,0,0,0,0,0,60,0,0,0,S
6/28/2012,12:30 AM,0,0,0,0,0,0,60,0,0,0,S
6/28/2012,12:31 AM,0,0,0,0,0,0,60,0,0,0,S
6/28/2012,12:32 AM,0,0,0,0,0,0,50,0,0,10,S
6/28/2012,12:33 AM,0,0,0,0,0,0,0,0,0,60,S
6/28/2012,12:34 AM,0,0,0,0,0,0,0,0,0,60,S
6/28/2012,12:35 AM,0,0,0,0,0,0,0,0,0,60,S
6/28/2012,12:36 AM,0,0,0,0,0,0,0,0,0,60,S
6/28/2012,12:37 AM,0,0,0,0,0,0,0,0,0,60,S
6/28/2012,12:38 AM,0,0,0,0,0,0,0,0,0,60,S
6/28/2012,12:39 AM,0,0,0,0,0,0,0,0,0,60,S
6/28/2012,12:40 AM,0,0,0,0,0,0,0,0,0,60,S
6/28/2012,12:41 AM,0,0,0,0,0,0,0,0,0,60,S
6/28/2012,12:42 AM,0,0,0,0,0,0,0,0,0,60,S
6/28/2012,12:43 AM,0,0,0,0,0,0,0,0,0,60,S
6/28/2012,12:44 AM,0,0,0,0,0,0,0,0,0,60,S
6/28/2012,12:45 AM,0,0,0,0,0,0,40,0,0,20,S
6/28/2012,12:46 AM,0,0,0,0,0,0,60,0,0,0,S
6/28/2012,12:47 AM,0,0,0,0,0,0,60,0,0,0,S
6/28/2012,12:48 AM,0,0,0,0,0,0,60,0,0,0,S
6/28/2012,12:49 AM,0,0,0,0,0,0,60,0,0,0,S
6/28/2012,12:50 AM,0,0,0,0,0,0,60,0,0,0,S
6/28/2012,12:51 AM,0,0,0,0,0,0,60,0,0,0,S
6/28/2012,12:52 AM,0,0,0,0,0,0,60,0,0,0,S
6/28/2012,12:53 AM,0,0,0,0,0,0,60,0,0,0,S
6/28/2012,12:54 AM,0,0,0,0,0,0,60,0,0,0,S
6/28/2012,12:55 AM,0,0,0,0,0,0,60,0,0,0,S
6/28/2012,12:56 AM,0,0,0,0,0,0,60,0,0,0,S
6/28/2012,12:57 AM,0,0,0,0,0,0,60,0,0,0,S
6/28/2012,12:58 AM,0,0,0,0,0,0,60,0,0,0,S
6/28/2012,12:59 AM,0,0,0,0,0,0,60,0,0,0,S
6/28/2012,1:00 AM,0,0,0,0,0,0,60,0,0,0,S
6/28/2012,1:01 AM,0,0,0,0,0,0,60,0,0,0,S
6/28/2012,1:02 AM,0,0,0,0,0,0,60,0,0,0,S
6/28/2012,1:03 AM,0,0,0,0,0,0,60,0,0,0,S
6/28/2012,1:04 AM,0,0,0,0,0,0,60,0,0,0,S
6/28/2012,1:05 AM,0,0,0,0,0,0,60,0,0,0,S
6/28/2012,1:06 AM,0,0,0,0,0,0,60,0,0,0,S
6/28/2012,1:07 AM,0,0,0,0,0,0,60,0,0,0,S
6/28/2012,1:08 AM,0,0,0,0,0,0,60,0,0,0,S
6/28/2012,1:09 AM,0,0,0,0,0,0,60,0,0,0,S
6/28/2012,1:10 AM,0,0,0,0,0,0,60,0,0,0,S
6/28/2012,1:11 AM,0,0,0,0,0,0,60,0,0,0,S
6/28/2012,1:12 AM,0,0,0,0,0,0,50,0,0,10,S
6/28/2012,1:13 AM,0,0,0,0,0,0,0,0,0,60,S
6/28/2012,1:14 AM,0,0,0,0,0,0,0,0,0,60,S
6/28/2012,1:15 AM,0,0,0,0,0,0,0,0,0,60,S
6/28/2012,1:16 AM,0,0,0,0,0,0,60,0,0,0,S
6/28/2012,1:17 AM,0,0,0,0,0,0,60,0,0,0,S
6/28/2012,1:18 AM,0,0,0,0,0,0,60,0,0,0,S
6/28/2012,1:19 AM,0,0,0,0,0,0,60,0,0,0,S
6/28/2012,1:20 AM,0,0,0,0,0,0,60,0,0,0,S
6/28/2012,1:21 AM,0,0,0,0,0,0,60,0,0,0,S
6/28/2012,1:22 AM,0,0,0,0,0,0,60,0,0,0,S
6/28/2012,1:23 AM,0,0,0,0,0,0,60,0,0,0,S
6/28/2012,1:24 AM,0,0,0,0,0,0,60,0,0,0,S
6/28/2012,1:25 AM,0,0,0,0,0,0,60,0,0,0,S
6/28/2012,1:26 AM,0,0,0,0,0,0,60,0,0,0,S
6/28/2012,1:27 AM,0,0,0,0,0,0,60,0,0,0,S
6/28/2012,1:28 AM,0,0,0,0,0,0,60,0,0,0,S
6/28/2012,1:29 AM,0,0,0,0,0,0,60,0,0,0,S
6/28/2012,1:30 AM,0,0,0,0,0,0,60,0,0,0,S
6/28/2012,1:31 AM,0,0,0,0,0,0,60,0,0,0,S
6/28/2012,1:32 AM,0,0,0,0,0,0,60,0,0,0,S
6/28/2012,1:33 AM,0,0,0,0,0,0,60,0,0,0,S
6/28/2012,1:34 AM,0,0,0,0,0,0,60,0,0,0,S
6/28/2012,1:35 AM,0,0,0,0,0,0,60,0,0,0,S
6/28/2012,1:36 AM,0,0,0,0,0,0,60,0,0,0,S
6/28/2012,1:37 AM,0,0,0,0,0,0,60,0,0,0,S
6/28/2012,1:38 AM,0,0,0,0,0,0,60,0,0,0,S
6/28/2012,1:39 AM,0,0,0,0,0,0,60,0,0,0,S
6/28/2012,1:40 AM,0,4,11,12,0,0,30,0,0,30,S
6/28/2012,1:41 AM,0,0,0,0,0,0,0,0,0,60,S
6/28/2012,1:42 AM,0,0,0,0,0,0,0,0,0,60,S
6/28/2012,1:43 AM,0,0,0,0,0,0,0,0,0,60,S
6/28/2012,1:44 AM,0,0,0,0,0,0,0,0,0,60,S
6/28/2012,1:45 AM,0,0,0,0,0,0,0,0,0,60,S
6/28/2012,1:46 AM,0,0,0,0,0,0,0,0,0,60,S
6/28/2012,1:47 AM,0,0,0,0,0,0,0,0,0,60,S
6/28/2012,1:48 AM,0,0,0,0,0,0,0,0,0,60,S
6/28/2012,1:49 AM,0,0,0,0,0,0,0,0,0,60,S
6/28/2012,1:50 AM,0,0,0,0,0,0,0,0,0,60,S
6/28/2012,1:51 AM,0,0,0,0,0,0,0,0,0,60,S
6/28/2012,1:52 AM,0,0,0,0,0,0,0,0,0,60,S
6/28/2012,1:53 AM,0,0,0,0,0,0,0,0,0,60,S
6/28/2012,1:54 AM,0,0,0,0,0,0,0,0,0,60,S
6/28/2012,1:55 AM,0,0,0,0,0,0,0,0,0,60,S
6/28/2012,1:56 AM,0,0,0,0,0,0,0,0,0,60,S
6/28/2012,1:57 AM,0,0,0,0,0,0,0,0,0,60,S
6/28/2012,1:58 AM,0,0,0,0,0,0,0,0,0,60,S
6/28/2012,1:59 AM,0,0,0,0,0,0,0,0,0,60,S
6/28/2012,2:00 AM,0,0,0,0,0,0,0,0,0,60,S
6/28/2012,2:01 AM,0,0,0,0,0,0,0,0,0,60,S
6/28/2012,2:02 AM,0,0,0,0,0,0,0,0,0,60,S
6/28/2012,2:03 AM,0,0,0,0,0,0,0,0,0,60,S
6/28/2012,2:04 AM,0,0,0,0,0,0,0,0,0,60,S
6/28/2012,2:05 AM,0,0,0,0,0,0,0,0,0,60,S
6/28/2012,2:06 AM,0,0,0,0,0,0,0,0,0,60,S
6/28/2012,2:07 AM,0,0,0,0,0,0,0,0,0,60,S
6/28/2012,2:08 AM,0,0,0,0,0,0,0,0,0,60,S
6/28/2012,2:09 AM,0,0,0,0,0,0,0,0,0,60,S
6/28/2012,2:10 AM,0,0,0,0,0,0,0,0,0,60,S
6/28/2012,2:11 AM,0,0,0,0,0,0,0,0,0,60,S
6/28/2012,2:12 AM,0,0,0,0,0,0,0,0,0,60,S
6/28/2012,2:13 AM,0,0,0,0,0,0,0,0,0,60,S
6/28/2012,2:14 AM,0,0,0,0,0,0,0,0,0,60,S
6/28/2012,2:15 AM,0,0,0,0,0,0,0,0,0,60,S
6/28/2012,2:16 AM,0,0,0,0,0,0,0,0,0,60,S
6/28/2012,2:17 AM,0,0,0,0,0,0,0,0,0,60,S
6/28/2012,2:18 AM,0,0,0,0,0,0,0,0,0,60,S
6/28/2012,2:19 AM,0,0,0,0,0,0,0,0,0,60,S
6/28/2012,2:20 AM,0,0,0,0,0,0,0,0,0,60,S
6/28/2012,2:21 AM,0,0,0,0,0,0,0,0,0,60,S
6/28/2012,2:22 AM,0,0,0,0,0,0,0,0,0,60,S
6/28/2012,2:23 AM,0,0,0,0,0,0,0,0,0,60,S
6/28/2012,2:24 AM,0,0,0,0,0,0,0,0,0,60,S
6/28/2012,2:25 AM,0,0,0,0,0,0,0,0,0,60,S
6/28/2012,2:26 AM,0,0,0,0,0,0,0,0,0,60,S
6/28/2012,2:27 AM,0,0,0,0,0,0,0,0,0,60,S
6/28/2012,2:28 AM,0,0,0,0,0,0,0,0,0,60,S
6/28/2012,2:29 AM,0,0,0,0,0,0,0,0,0,60,S
6/28/2012,2:30 AM,0,0,0,0,0,0,0,0,0,60,S
6/28/2012,2:31 AM,0,0,0,0,0,0,0,0,0,60,S
6/28/2012,2:32 AM,0,0,0,0,0,0,0,0,0,60,S
6/28/2012,2:33 AM,0,0,0,0,0,0,0,0,0,60,S
6/28/2012,2:34 AM,0,0,0,0,0,0,0,0,0,60,S
6/28/2012,2:35 AM,0,0,0,0,0,0,0,0,0,60,S
6/28/2012,2:36 AM,0,0,0,0,0,0,0,0,0,60,S
6/28/2012,2:37 AM,123,86,57,161,1,0,0,10,0,50,S
6/28/2012,2:38 AM,24,2,0,24,0,0,0,0,0,60,S
6/28/2012,2:39 AM,0,0,0,0,0,0,0,0,0,60,S
6/28/2012,2:40 AM,0,92,0,92,0,0,4,0,0,56,S
6/28/2012,2:41 AM,3,348,24,349,1,0,11,0,0,49,S
6/28/2012,2:42 AM,0,35,0,35,0,0,15,0,0,45,S
6/28/2012,2:43 AM,0,0,0,0,0,0,60,0,0,0,S
6/28/2012,2:44 AM,101,313,197,383,2,0,19,10,30,1,S
6/28/2012,2:45 AM,143,246,302,415,1,0,0,10,40,10,S
6/28/2012,2:46 AM,0,0,0,0,0,0,0,0,0,60,S
6/28/2012,2:47 AM,0,0,0,0,0,0,0,0,0,60,S
6/28/2012,2:48 AM,0,0,0,0,0,0,10,0,0,50,S
6/28/2012,2:49 AM,0,0,0,0,0,0,60,0,0,0,S
6/28/2012,2:50 AM,0,0,0,0,0,0,60,0,0,0,S
6/28/2012,2:51 AM,0,0,0,0,0,0,60,0,0,0,S
6/28/2012,2:52 AM,0,0,0,0,0,0,60,0,0,0,S
6/28/2012,2:53 AM,0,0,0,0,0,0,60,0,0,0,S
6/28/2012,2:54 AM,0,0,0,0,0,0,60,0,0,0,S
6/28/2012,2:55 AM,0,0,17,17,0,0,40,0,0,20,S
6/28/2012,2:56 AM,0,0,0,0,0,0,0,0,0,60,S
6/28/2012,2:57 AM,0,0,0,0,0,0,0,0,0,60,S
6/28/2012,2:58 AM,0,0,0,0,0,0,0,0,0,60,S
6/28/2012,2:59 AM,0,0,0,0,0,0,60,0,0,0,S
6/28/2012,3:00 AM,0,0,0,0,0,0,60,0,0,0,S
6/28/2012,3:01 AM,0,0,0,0,0,0,60,0,0,0,S
6/28/2012,3:02 AM,0,0,0,0,0,0,60,0,0,0,S
6/28/2012,3:03 AM,0,0,0,0,0,0,60,0,0,0,S
6/28/2012,3:04 AM,0,0,0,0,0,0,60,0,0,0,S
6/28/2012,3:05 AM,0,0,0,0,0,0,60,0,0,0,S
6/28/2012,3:06 AM,0,0,0,0,0,0,20,0,0,40,S
6/28/2012,3:07 AM,0,0,0,0,0,0,0,0,0,60,S
6/28/2012,3:08 AM,0,0,0,0,0,0,0,0,0,60,S
6/28/2012,3:09 AM,0,0,0,0,0,0,30,0,0,30,S
6/28/2012,3:10 AM,0,0,0,0,0,0,60,0,0,0,S
6/28/2012,3:11 AM,0,0,0,0,0,0,30,0,0,30,S
6/28/2012,3:12 AM,0,0,0,0,0,0,0,0,0,60,S
6/28/2012,3:13 AM,0,0,0,0,0,0,0,0,0,60,S
6/28/2012,3:14 AM,0,0,0,0,0,0,0,0,0,60,S
6/28/2012,3:15 AM,0,0,0,0,0,0,50,0,0,10,S
6/28/2012,3:16 AM,0,0,0,0,0,0,60,0,0,0,S
6/28/2012,3:17 AM,0,0,0,0,0,0,60,0,0,0,S
6/28/2012,3:18 AM,0,0,0,0,0,0,50,0,0,10,S
6/28/2012,3:19 AM,68,445,128,468,1,0,29,0,0,31,S
6/28/2012,3:20 AM,0,29,0,29,0,0,60,0,0,0,S
6/28/2012,3:21 AM,0,0,0,0,0,0,60,0,0,0,S
6/28/2012,3:22 AM,0,0,0,0,0,0,60,0,0,0,S
6/28/2012,3:23 AM,95,682,365,779,2,0,49,10,0,1,S
6/28/2012,3:24 AM,0,0,0,0,0,0,60,0,0,0,S
6/28/2012,3:25 AM,0,0,0,0,0,0,60,0,0,0,S
6/28/2012,3:26 AM,0,0,0,0,0,0,60,0,0,0,S
6/28/2012,3:27 AM,0,0,0,0,0,0,60,0,0,0,S
6/28/2012,3:28 AM,0,0,0,0,0,0,60,0,0,0,S
6/28/2012,3:29 AM,0,0,0,0,0,0,60,0,0,0,S
6/28/2012,3:30 AM,0,0,0,0,0,0,60,0,0,0,S
6/28/2012,3:31 AM,0,0,0,0,0,0,60,0,0,0,S
6/28/2012,3:32 AM,0,0,0,0,0,0,60,0,0,0,S
6/28/2012,3:33 AM,0,0,0,0,0,0,60,0,0,0,S
6/28/2012,3:34 AM,0,0,0,0,0,0,60,0,0,0,S
6/28/2012,3:35 AM,0,0,0,0,0,0,60,0,0,0,S
6/28/2012,3:36 AM,0,0,0,0,0,0,0,0,0,60,S
6/28/2012,3:37 AM,0,0,0,0,0,0,0,0,0,60,S
6/28/2012,3:38 AM,0,0,0,0,0,0,0,0,0,60,S
6/28/2012,3:39 AM,0,0,0,0,0,0,40,0,0,20,S
6/28/2012,3:40 AM,0,0,0,0,0,0,60,0,0,0,S
6/28/2012,3:41 AM,0,0,0,0,0,0,60,0,0,0,S
6/28/2012,3:42 AM,0,0,0,0,0,0,60,0,0,0,S
6/28/2012,3:43 AM,0,0,0,0,0,0,60,0,0,0,S
6/28/2012,3:44 AM,0,0,0,0,0,0,60,0,0,0,S
6/28/2012,3:45 AM,0,0,0,0,0,0,60,0,0,0,S
6/28/2012,3:46 AM,0,0,0,0,0,0,60,0,0,0,S
6/28/2012,3:47 AM,0,0,0,0,0,0,60,0,0,0,S
6/28/2012,3:48 AM,0,0,0,0,0,0,60,0,0,0,S
6/28/2012,3:49 AM,0,0,0,0,0,0,60,0,0,0,S
6/28/2012,3:50 AM,0,0,0,0,0,0,60,0,0,0,S
6/28/2012,3:51 AM,0,0,0,0,0,0,60,0,0,0,S
6/28/2012,3:52 AM,0,0,0,0,0,0,60,0,0,0,S
6/28/2012,3:53 AM,0,0,0,0,0,0,60,0,0,0,S
6/28/2012,3:54 AM,0,0,0,0,0,0,60,0,0,0,S
6/28/2012,3:55 AM,0,0,0,0,0,0,60,0,0,0,S
6/28/2012,3:56 AM,0,0,0,0,0,0,60,0,0,0,S
6/28/2012,3:57 AM,0,0,0,0,0,0,50,0,0,10,S
6/28/2012,3:58 AM,0,0,0,0,0,0,0,0,0,60,S
6/28/2012,3:59 AM,106,89,58,150,1,0,0,10,40,10,S
6/28/2012,4:00 AM,0,0,0,0,0,0,0,0,60,0,S
6/28/2012,4:01 AM,0,0,0,0,0,0,0,0,60,0,S
6/28/2012,4:02 AM,347,510,395,732,4,0,0,20,30,10,S
6/28/2012,4:03 AM,0,0,0,0,0,0,0,0,0,60,S
6/28/2012,4:04 AM,0,0,0,0,0,0,0,0,0,60,S
6/28/2012,4:05 AM,0,0,0,0,0,0,0,0,0,60,S
6/28/2012,4:06 AM,0,0,0,0,0,0,30,0,0,30,S
6/28/2012,4:07 AM,0,0,0,0,0,0,60,0,0,0,S
6/28/2012,4:08 AM,0,0,0,0,0,0,60,0,0,0,S
6/28/2012,4:09 AM,0,16,38,41,0,0,0,0,0,60,S
6/28/2012,4:10 AM,0,0,0,0,0,0,0,0,0,60,S
6/28/2012,4:11 AM,0,0,0,0,0,0,0,0,0,60,S
6/28/2012,4:12 AM,0,0,0,0,0,0,50,0,0,10,S
6/28/2012,4:13 AM,0,0,0,0,0,0,60,0,0,0,S
6/28/2012,4:14 AM,0,0,0,0,0,0,60,0,0,0,S
6/28/2012,4:15 AM,0,0,0,0,0,0,60,0,0,0,S
6/28/2012,4:16 AM,0,0,0,0,0,0,60,0,0,0,S
6/28/2012,4:17 AM,0,0,0,0,0,0,60,0,0,0,S
6/28/2012,4:18 AM,0,0,0,0,0,0,60,0,0,0,S
6/28/2012,4:19 AM,0,0,0,0,0,0,60,0,0,0,S
6/28/2012,4:20 AM,0,0,0,0,0,0,60,0,0,0,S
6/28/2012,4:21 AM,0,0,0,0,0,0,60,0,0,0,S
6/28/2012,4:22 AM,0,0,0,0,0,0,60,0,0,0,S
6/28/2012,4:23 AM,0,0,0,0,0,0,60,0,0,0,S
6/28/2012,4:24 AM,0,0,0,0,0,0,60,0,0,0,S
6/28/2012,4:25 AM,0,0,0,0,0,0,60,0,0,0,S
6/28/2012,4:26 AM,0,0,0,0,0,0,60,0,0,0,S
6/28/2012,4:27 AM,0,0,0,0,0,0,60,0,0,0,S
6/28/2012,4:28 AM,0,0,0,0,0,0,60,0,0,0,S
6/28/2012,4:29 AM,0,0,0,0,0,0,60,0,0,0,S
6/28/2012,4:30 AM,0,0,0,0,0,0,60,0,0,0,S
6/28/2012,4:31 AM,0,0,0,0,0,0,60,0,0,0,S
6/28/2012,4:32 AM,0,0,0,0,0,0,60,0,0,0,S
6/28/2012,4:33 AM,0,15,39,42,0,0,50,0,0,10,S
6/28/2012,4:34 AM,0,0,0,0,0,0,0,0,0,60,S
6/28/2012,4:35 AM,0,0,0,0,0,0,0,0,0,60,S
6/28/2012,4:36 AM,0,0,0,0,0,0,0,0,0,60,S
6/28/2012,4:37 AM,0,0,0,0,0,0,60,0,0,0,S
6/28/2012,4:38 AM,0,0,0,0,0,0,60,0,0,0,S
6/28/2012,4:39 AM,0,0,0,0,0,0,60,0,0,0,S
6/28/2012,4:40 AM,0,0,0,0,0,0,60,0,0,0,S
6/28/2012,4:41 AM,0,0,0,0,0,0,60,0,0,0,S
6/28/2012,4:42 AM,0,0,0,0,0,0,60,0,0,0,S
6/28/2012,4:43 AM,0,0,0,0,0,0,10,0,0,50,S
6/28/2012,4:44 AM,0,0,0,0,0,0,0,0,0,60,S
6/28/2012,4:45 AM,0,0,0,0,0,0,0,0,0,60,S
6/28/2012,4:46 AM,0,0,0,0,0,0,0,0,0,60,S
6/28/2012,4:47 AM,0,0,0,0,0,0,60,0,0,0,S
6/28/2012,4:48 AM,0,0,0,0,0,0,60,0,0,0,S
6/28/2012,4:49 AM,0,0,0,0,0,0,60,0,0,0,S
6/28/2012,4:50 AM,0,0,0,0,0,0,60,0,0,0,S
6/28/2012,4:51 AM,0,0,0,0,0,0,60,0,0,0,S
6/28/2012,4:52 AM,0,0,0,0,0,0,60,0,0,0,S
6/28/2012,4:53 AM,145,415,124,457,2,0,48,10,0,2,S
6/28/2012,4:54 AM,0,0,0,0,0,0,57,0,0,3,S
6/28/2012,4:55 AM,0,0,0,0,0,0,60,0,0,0,S
6/28/2012,4:56 AM,0,0,0,0,0,0,60,0,0,0,S
6/28/2012,4:57 AM,0,0,0,0,0,0,60,0,0,0,S
6/28/2012,4:58 AM,0,0,0,0,0,0,60,0,0,0,S
6/28/2012,4:59 AM,0,0,0,0,0,0,60,0,0,0,S
6/28/2012,5:00 AM,0,0,0,0,0,0,60,0,0,0,S
6/28/2012,5:01 AM,0,0,0,0,0,0,60,0,0,0,S
6/28/2012,5:02 AM,0,0,0,0,0,0,60,0,0,0,S
6/28/2012,5:03 AM,0,0,0,0,0,0,60,0,0,0,S
6/28/2012,5:04 AM,0,0,0,0,0,0,60,0,0,0,S
6/28/2012,5:05 AM,0,0,0,0,0,0,60,0,0,0,S
6/28/2012,5:06 AM,0,0,0,0,0,0,60,0,0,0,S
6/28/2012,5:07 AM,0,0,0,0,0,0,60,0,0,0,S
6/28/2012,5:08 AM,0,0,0,0,0,0,60,0,0,0,S
6/28/2012,5:09 AM,0,0,0,0,0,0,60,0,0,0,S
6/28/2012,5:10 AM,0,0,0,0,0,0,60,0,0,0,S
6/28/2012,5:11 AM,0,0,0,0,0,0,60,0,0,0,S
6/28/2012,5:12 AM,0,0,0,0,0,0,60,0,0,0,S
6/28/2012,5:13 AM,0,0,0,0,0,0,60,0,0,0,S
6/28/2012,5:14 AM,0,0,0,0,0,0,60,0,0,0,S
6/28/2012,5:15 AM,0,0,0,0,0,0,60,0,0,0,S
6/28/2012,5:16 AM,0,0,0,0,0,0,60,0,0,0,S
6/28/2012,5:17 AM,0,0,0,0,0,0,60,0,0,0,S
6/28/2012,5:18 AM,0,0,0,0,0,0,60,0,0,0,S
6/28/2012,5:19 AM,0,0,0,0,0,0,60,0,0,0,S
6/28/2012,5:20 AM,0,0,0,0,0,0,60,0,0,0,S
6/28/2012,5:21 AM,0,0,0,0,0,0,60,0,0,0,S
6/28/2012,5:22 AM,0,0,0,0,0,0,60,0,0,0,S
6/28/2012,5:23 AM,36,71,5,80,0,0,59,0,0,1,S
6/28/2012,5:24 AM,107,82,34,139,2,0,0,10,0,50,S
6/28/2012,5:25 AM,0,0,0,0,0,0,0,0,0,60,S
6/28/2012,5:26 AM,0,0,0,0,0,0,0,0,0,60,S
6/28/2012,5:27 AM,0,0,0,0,0,0,20,0,0,40,S
6/28/2012,5:28 AM,0,0,0,0,0,0,0,0,0,60,S
6/28/2012,5:29 AM,0,0,0,0,0,0,0,0,0,60,S
6/28/2012,5:30 AM,0,0,0,0,0,0,0,0,0,60,S
6/28/2012,5:31 AM,0,0,0,0,0,0,50,0,0,10,S
6/28/2012,5:32 AM,0,0,0,0,0,0,60,0,0,0,S
6/28/2012,5:33 AM,0,0,0,0,0,0,60,0,0,0,S
6/28/2012,5:34 AM,0,0,0,0,0,0,60,0,0,0,S
6/28/2012,5:35 AM,0,0,0,0,0,0,50,0,0,10,S
6/28/2012,5:36 AM,0,0,0,0,0,0,0,0,0,60,S
6/28/2012,5:37 AM,0,0,0,0,0,0,0,0,0,60,S
6/28/2012,5:38 AM,0,0,0,0,0,0,0,0,0,60,S
6/28/2012,5:39 AM,60,79,226,247,1,0,0,0,0,60,S
6/28/2012,5:40 AM,0,0,0,0,0,0,0,0,0,60,S
6/28/2012,5:41 AM,0,0,0,0,0,0,0,0,0,60,S
6/28/2012,5:42 AM,0,0,0,0,0,0,30,0,0,30,S
6/28/2012,5:43 AM,0,0,0,0,0,0,60,0,0,0,S
6/28/2012,5:44 AM,0,0,0,0,0,0,60,0,0,0,S
6/28/2012,5:45 AM,0,0,0,0,0,0,60,0,0,0,S
6/28/2012,5:46 AM,0,0,0,0,0,0,60,0,0,0,S
6/28/2012,5:47 AM,0,0,0,0,0,0,60,0,0,0,S
6/28/2012,5:48 AM,0,0,0,0,0,0,50,0,0,10,S
6/28/2012,5:49 AM,458,569,531,903,3,0,0,20,0,40,W
6/28/2012,5:50 AM,0,0,0,0,0,0,0,0,0,60,S
6/28/2012,5:51 AM,0,0,0,0,0,0,0,0,0,60,S
6/28/2012,5:52 AM,13,19,35,42,1,0,0,0,0,60,S
6/28/2012,5:53 AM,0,0,0,0,0,0,0,0,0,60,S
6/28/2012,5:54 AM,0,0,0,0,0,0,0,0,0,60,S
6/28/2012,5:55 AM,0,0,0,0,0,0,0,0,0,60,S
6/28/2012,5:56 AM,0,0,0,0,0,0,0,0,0,60,S
6/28/2012,5:57 AM,0,0,0,0,0,0,0,0,0,60,S
6/28/2012,5:58 AM,0,0,0,0,0,0,0,0,0,60,S
6/28/2012,5:59 AM,0,0,0,0,0,0,0,0,0,60,S
6/28/2012,6:00 AM,0,0,0,0,0,0,10,0,0,50,S
6/28/2012,6:01 AM,0,0,0,0,0,0,60,0,0,0,S
6/28/2012,6:02 AM,89,35,112,147,2,0,20,0,0,40,S
6/28/2012,6:03 AM,0,0,0,0,0,0,0,0,0,60,S
6/28/2012,6:04 AM,17,8,16,25,0,0,0,0,0,60,S
6/28/2012,6:05 AM,0,0,0,0,0,0,0,0,0,60,S
6/28/2012,6:06 AM,39,20,50,66,1,0,0,0,0,60,S
6/28/2012,6:07 AM,0,0,0,0,0,0,0,0,0,60,S
6/28/2012,6:08 AM,0,0,0,0,0,0,0,0,0,60,S
6/28/2012,6:09 AM,0,0,0,0,0,0,20,0,0,40,S
6/28/2012,6:10 AM,73,35,103,131,2,0,0,0,0,60,S
6/28/2012,6:11 AM,0,0,0,0,0,0,0,0,0,60,S
6/28/2012,6:12 AM,0,0,0,0,0,0,0,0,0,60,S
6/28/2012,6:13 AM,0,0,0,0,0,0,40,0,0,20,S
6/28/2012,6:14 AM,0,0,0,0,0,0,60,0,0,0,S
6/28/2012,6:15 AM,11,66,165,178,0,0,40,0,0,20,S
6/28/2012,6:16 AM,0,0,0,0,0,0,0,0,0,60,S
6/28/2012,6:17 AM,0,0,0,0,0,0,0,0,0,60,S
6/28/2012,6:18 AM,0,0,0,0,0,0,0,0,0,60,S
6/28/2012,6:19 AM,0,0,0,0,0,0,0,0,0,60,S
6/28/2012,6:20 AM,0,0,0,0,0,0,40,0,0,20,S
6/28/2012,6:21 AM,0,0,0,0,0,0,50,0,0,10,S
6/28/2012,6:22 AM,0,0,0,0,0,0,0,0,0,60,S
6/28/2012,6:23 AM,0,0,0,0,0,0,0,0,0,60,S
6/28/2012,6:24 AM,0,0,0,0,0,0,0,0,0,60,S
6/28/2012,6:25 AM,0,0,0,0,0,0,60,0,0,0,S
6/28/2012,6:26 AM,0,0,0,0,0,0,10,0,0,50,S
6/28/2012,6:27 AM,0,0,0,0,0,0,0,0,0,60,S
6/28/2012,6:28 AM,0,0,0,0,0,0,0,0,0,60,S
6/28/2012,6:29 AM,0,0,0,0,0,0,10,0,0,50,S
6/28/2012,6:30 AM,0,0,0,0,0,0,10,0,0,50,S
6/28/2012,6:31 AM,0,0,0,0,0,0,0,0,0,60,S
6/28/2012,6:32 AM,0,0,0,0,0,0,0,0,0,60,S
6/28/2012,6:33 AM,0,0,0,0,0,0,40,0,0,20,S
6/28/2012,6:34 AM,0,0,0,0,0,0,60,0,0,0,S
6/28/2012,6:35 AM,0,0,0,0,0,0,60,0,0,0,S
6/28/2012,6:36 AM,0,0,0,0,0,0,60,0,0,0,S
6/28/2012,6:37 AM,0,0,0,0,0,0,60,0,0,0,S
6/28/2012,6:38 AM,0,0,0,0,0,0,60,0,0,0,S
6/28/2012,6:39 AM,0,0,0,0,0,0,60,0,0,0,S
6/28/2012,6:40 AM,0,0,0,0,0,0,60,0,0,0,S
6/28/2012,6:41 AM,0,0,0,0,0,0,60,0,0,0,S
6/28/2012,6:42 AM,0,0,0,0,0,0,60,0,0,0,S
6/28/2012,6:43 AM,0,0,0,0,0,0,60,0,0,0,S
6/28/2012,6:44 AM,0,0,0,0,0,0,60,0,0,0,S
6/28/2012,6:45 AM,0,0,0,0,0,0,60,0,0,0,S
6/28/2012,6:46 AM,0,0,0,0,0,0,60,0,0,0,S
6/28/2012,6:47 AM,0,0,0,0,0,0,60,0,0,0,S
6/28/2012,6:48 AM,0,0,0,0,0,0,60,0,0,0,S
6/28/2012,6:49 AM,0,0,0,0,0,0,60,0,0,0,S
6/28/2012,6:50 AM,0,0,7,7,0,0,40,0,0,20,S
6/28/2012,6:51 AM,0,0,0,0,0,0,0,0,0,60,S
6/28/2012,6:52 AM,0,0,0,0,0,0,0,0,0,60,S
6/28/2012,6:53 AM,0,0,0,0,0,0,0,0,0,60,S
6/28/2012,6:54 AM,0,0,0,0,0,0,0,0,0,60,S
6/28/2012,6:55 AM,0,0,0,0,0,0,10,0,0,50,S
6/28/2012,6:56 AM,0,0,0,0,0,0,60,0,0,0,S
6/28/2012,6:57 AM,0,0,0,0,0,0,60,0,0,0,S
6/28/2012,6:58 AM,0,0,0,0,0,0,60,0,0,0,S
6/28/2012,6:59 AM,0,0,0,0,0,0,60,0,0,0,S
6/28/2012,7:00 AM,0,0,0,0,0,0,60,0,0,0,S
6/28/2012,7:01 AM,0,0,0,0,0,0,60,0,0,0,S
6/28/2012,7:02 AM,0,0,0,0,0,0,60,0,0,0,S
6/28/2012,7:03 AM,0,0,0,0,0,0,60,0,0,0,S
6/28/2012,7:04 AM,0,0,0,0,0,0,60,0,0,0,S
6/28/2012,7:05 AM,0,0,0,0,0,0,60,0,0,0,S
6/28/2012,7:06 AM,0,0,0,0,0,0,60,0,0,0,S
6/28/2012,7:07 AM,0,0,0,0,0,0,60,0,0,0,S
6/28/2012,7:08 AM,0,0,0,0,0,0,60,0,0,0,S
6/28/2012,7:09 AM,0,0,0,0,0,0,60,0,0,0,S
6/28/2012,7:10 AM,0,0,0,0,0,0,60,0,0,0,S
6/28/2012,7:11 AM,0,0,0,0,0,0,60,0,0,0,S
6/28/2012,7:12 AM,0,0,0,0,0,0,60,0,0,0,S
6/28/2012,7:13 AM,0,0,0,0,0,0,60,0,0,0,S
6/28/2012,7:14 AM,19,46,31,59,1,0,50,0,0,10,S
6/28/2012,7:15 AM,0,0,0,0,0,0,0,0,0,60,S
6/28/2012,7:16 AM,0,0,0,0,0,0,0,0,0,60,S
6/28/2012,7:17 AM,0,0,0,0,0,0,0,0,0,60,S
6/28/2012,7:18 AM,0,0,0,0,0,0,0,0,0,60,S
6/28/2012,7:19 AM,0,0,0,0,0,0,0,0,0,60,S
6/28/2012,7:20 AM,0,0,0,0,0,0,0,0,0,60,S
6/28/2012,7:21 AM,0,0,0,0,0,0,0,0,0,60,S
6/28/2012,7:22 AM,0,0,0,0,0,0,40,0,0,20,S
6/28/2012,7:23 AM,0,0,0,0,0,0,60,0,0,0,S
6/28/2012,7:24 AM,0,0,0,0,0,0,60,0,0,0,W
6/28/2012,7:25 AM,927,918,1148,1738,10,9,10,50,0,0,W
6/28/2012,7:26 AM,1001,1014,1101,1801,14,6,0,60,0,0,W
6/28/2012,7:27 AM,1478,1370,1759,2675,23,8,0,60,0,0,W
6/28/2012,7:28 AM,598,688,884,1270,14,401,0,60,0,0,W
6/28/2012,7:29 AM,0,0,0,0,0,600,0,60,0,0,W
6/28/2012,7:30 AM,0,39,6,39,0,608,0,60,0,0,W
6/28/2012,7:31 AM,3026,2264,3162,4928,42,97,0,50,10,0,W
6/28/2012,7:32 AM,19,31,30,47,0,0,0,0,60,0,W
6/28/2012,7:33 AM,0,0,0,0,0,0,0,0,60,0,W
6/28/2012,7:34 AM,0,2,46,46,0,0,0,0,60,0,W
6/28/2012,7:35 AM,0,0,0,0,0,0,0,0,60,0,W
6/28/2012,7:36 AM,0,0,0,0,0,0,0,0,60,0,S
6/28/2012,7:37 AM,0,0,0,0,0,0,20,0,40,0,S
6/28/2012,7:38 AM,970,1018,1289,1908,14,6,40,20,0,0,W
6/28/2012,7:39 AM,10,66,59,89,0,0,0,60,0,0,W
6/28/2012,7:40 AM,1421,1373,1631,2562,19,9,0,45,15,0,W
6/28/2012,7:41 AM,1021,997,1506,2075,18,148,0,60,0,0,W
6/28/2012,7:42 AM,0,0,6,6,0,625,0,60,0,0,W
6/28/2012,7:43 AM,0,0,0,0,0,620,0,60,0,0,W
6/28/2012,7:44 AM,0,0,0,0,0,626,0,60,0,0,W
6/28/2012,7:45 AM,805,961,1429,1901,16,286,0,53,7,0,W
6/28/2012,7:46 AM,2052,1492,2020,3243,28,0,0,50,10,0,W
6/28/2012,7:47 AM,0,2,38,38,0,0,0,0,60,0,W
6/28/2012,7:48 AM,38,27,120,129,1,0,0,0,60,0,W
6/28/2012,7:49 AM,0,0,0,0,0,0,0,0,60,0,W
6/28/2012,7:50 AM,0,1,20,20,0,0,0,0,60,0,W
6/28/2012,7:51 AM,64,70,64,114,1,0,0,0,60,0,S
6/28/2012,7:52 AM,0,0,0,0,0,0,0,0,60,0,S
6/28/2012,7:53 AM,0,0,23,23,0,0,0,0,60,0,W
6/28/2012,7:54 AM,0,0,0,0,0,0,0,0,60,0,W
6/28/2012,7:55 AM,3288,3004,4432,6283,44,352,0,31,29,0,W
6/28/2012,7:56 AM,3376,3178,3562,5847,45,1259,0,60,0,0,W
6/28/2012,7:57 AM,0,0,0,0,0,651,0,60,0,0,W
6/28/2012,7:58 AM,25,66,48,85,1,625,0,54,6,0,W
6/28/2012,7:59 AM,2245,1814,2526,3836,31,329,0,40,20,0,W
6/28/2012,8:00 AM,10,129,20,131,1,0,0,5,55,0,W
6/28/2012,8:01 AM,0,0,0,0,0,0,0,0,60,0,W
6/28/2012,8:02 AM,701,723,604,1174,5,0,0,42,18,0,W
6/28/2012,8:03 AM,140,136,74,209,1,40,50,10,0,0,W
6/28/2012,8:04 AM,0,0,0,0,0,39,60,0,0,0,S
6/28/2012,8:05 AM,0,0,0,0,0,40,60,0,0,0,S
6/28/2012,8:06 AM,0,0,0,0,0,40,60,0,0,0,S
6/28/2012,8:07 AM,0,0,0,0,0,39,60,0,0,0,S
6/28/2012,8:08 AM,0,0,0,0,0,38,60,0,0,0,S
6/28/2012,8:09 AM,0,0,0,0,0,38,60,0,0,0,S
6/28/2012,8:10 AM,0,0,0,0,0,38,60,0,0,0,S
6/28/2012,8:11 AM,0,0,0,0,0,38,60,0,0,0,S
6/28/2012,8:12 AM,0,0,0,0,0,38,60,0,0,0,S
6/28/2012,8:13 AM,0,0,0,0,0,38,60,0,0,0,S
6/28/2012,8:14 AM,0,0,0,0,0,38,60,0,0,0,S
6/28/2012,8:15 AM,0,0,0,0,0,37,60,0,0,0,S
6/28/2012,8:16 AM,0,0,0,0,0,38,60,0,0,0,S
6/28/2012,8:17 AM,0,0,0,0,0,37,60,0,0,0,S
6/28/2012,8:18 AM,0,0,0,0,0,37,60,0,0,0,S
6/28/2012,8:19 AM,0,0,0,0,0,36,60,0,0,0,S
6/28/2012,8:20 AM,0,0,0,0,0,37,60,0,0,0,W
6/28/2012,8:21 AM,860,905,1015,1609,13,21,30,23,7,0,W
6/28/2012,8:22 AM,2360,3250,1752,4382,33,0,0,60,0,0,W
6/28/2012,8:23 AM,3275,3557,2213,5317,36,97,0,60,0,0,W
6/28/2012,8:24 AM,4178,5453,2362,7264,54,1744,0,60,0,0,W
6/28/2012,8:25 AM,2953,4059,2257,5504,41,1340,0,60,0,0,W
6/28/2012,8:26 AM,961,1123,818,1689,14,513,0,20,37,3,W
6/28/2012,8:27 AM,84,86,211,243,1,25,0,0,57,3,W
6/28/2012,8:28 AM,0,0,0,0,0,32,0,0,60,0,W
6/28/2012,8:29 AM,104,93,439,461,5,84,0,0,60,0,W
6/28/2012,8:30 AM,3330,3888,1803,5427,41,688,0,50,10,0,W
6/28/2012,8:31 AM,923,1123,561,1558,12,14,0,60,0,0,W
6/28/2012,8:32 AM,3,42,72,83,1,6,0,60,0,0,W
6/28/2012,8:33 AM,23,76,18,81,1,13,0,60,0,0,W
6/28/2012,8:34 AM,315,557,501,813,6,18,0,60,0,0,W
6/28/2012,8:35 AM,16,121,65,138,1,26,0,58,2,0,W
6/28/2012,8:36 AM,31,64,40,82,2,12,0,55,5,0,S
6/28/2012,8:37 AM,0,2,11,11,0,4,0,60,0,0,S
6/28/2012,8:38 AM,21,27,8,35,1,0,0,60,0,0,S
6/28/2012,8:39 AM,18,135,54,147,1,0,0,60,0,0,S
6/28/2012,8:40 AM,0,0,8,8,0,23,0,60,0,0,S
6/28/2012,8:41 AM,59,152,62,174,2,11,0,24,36,0,S
6/28/2012,8:42 AM,5,31,13,34,1,0,0,0,60,0,W
6/28/2012,8:43 AM,97,354,288,467,2,0,0,51,9,0,W
6/28/2012,8:44 AM,4112,4946,1783,6675,54,692,0,59,1,0,W
6/28/2012,8:45 AM,218,383,628,767,4,23,0,10,40,10,W
6/28/2012,8:46 AM,4901,5646,2635,7927,59,300,0,50,10,0,W
6/28/2012,8:47 AM,1501,1880,714,2509,21,53,0,60,0,0,W
6/28/2012,8:48 AM,1439,1926,993,2601,19,123,0,20,13,27,W
6/28/2012,8:49 AM,85,85,233,262,4,110,0,0,31,29,W
6/28/2012,8:50 AM,28,22,51,62,1,180,0,0,60,0,W
6/28/2012,8:51 AM,0,0,0,0,0,591,0,0,60,0,W
6/28/2012,8:52 AM,0,0,0,0,0,585,0,0,60,0,W
6/28/2012,8:53 AM,0,0,0,0,0,419,0,0,60,0,S
6/28/2012,8:54 AM,18,15,6,24,1,457,0,0,60,0,S
6/28/2012,8:55 AM,80,53,76,122,2,455,0,0,60,0,S
6/28/2012,8:56 AM,36,50,183,193,4,299,0,0,60,0,S
6/28/2012,8:57 AM,0,0,0,0,0,55,0,0,60,0,S
6/28/2012,8:58 AM,0,0,0,0,0,41,0,0,60,0,S
6/28/2012,8:59 AM,0,0,0,0,0,40,0,0,60,0,S
6/28/2012,9:00 AM,0,0,16,16,0,87,0,0,60,0,S
6/28/2012,9:01 AM,24,23,26,42,2,228,0,0,60,0,S
6/28/2012,9:02 AM,14,28,19,37,1,202,0,0,60,0,S
6/28/2012,9:03 AM,8,39,6,40,0,561,0,0,60,0,S
6/28/2012,9:04 AM,32,21,3,38,1,488,0,0,60,0,S
6/28/2012,9:05 AM,45,83,91,131,1,284,0,0,47,13,S
6/28/2012,9:06 AM,0,1,0,1,0,637,0,0,36,24,S
6/28/2012,9:07 AM,0,0,17,17,0,211,0,0,44,16,S
6/28/2012,9:08 AM,0,9,0,9,0,307,0,0,59,1,W
6/28/2012,9:09 AM,187,74,114,231,3,47,0,10,40,10,W
6/28/2012,9:10 AM,2590,3872,1969,5057,32,1561,0,60,0,0,W
6/28/2012,9:11 AM,2661,2520,1494,3958,39,335,0,58,2,0,W
6/28/2012,9:12 AM,223,605,644,911,8,42,0,52,8,0,W
6/28/2012,9:13 AM,35,456,199,499,1,32,0,54,6,0,W
6/28/2012,9:14 AM,83,357,317,485,3,19,0,51,9,0,W
6/28/2012,9:15 AM,258,513,380,689,7,216,0,60,0,0,W
6/28/2012,9:16 AM,2846,2998,1474,4389,36,1932,0,60,0,0,W
6/28/2012,9:17 AM,316,376,251,552,4,196,0,10,48,2,W
6/28/2012,9:18 AM,26,2,30,40,0,126,0,0,31,29,W
6/28/2012,9:19 AM,99,151,6,181,3,142,0,0,36,24,W
6/28/2012,9:20 AM,0,0,0,0,0,48,0,0,18,42,W
6/28/2012,9:21 AM,33,19,9,39,0,200,0,0,28,32,S
6/28/2012,9:22 AM,86,2,0,86,3,1179,0,0,22,38,S
6/28/2012,9:23 AM,13,4,27,30,0,52,0,0,40,20,S
6/28/2012,9:24 AM,19,27,1,33,1,31,0,0,46,14,S
6/28/2012,9:25 AM,23,1,4,23,0,630,0,0,45,15,W
6/28/2012,9:26 AM,405,664,759,1087,6,693,0,20,27,13,W
6/28/2012,9:27 AM,5449,5748,1985,8165,70,917,0,60,0,0,W
6/28/2012,9:28 AM,1893,2143,1436,3200,25,0,0,60,0,0,W
6/28/2012,9:29 AM,2069,2648,836,3463,30,859,0,60,0,0,W
6/28/2012,9:30 AM,703,690,365,1050,11,1119,0,60,0,0,W
6/28/2012,9:31 AM,3092,4296,1796,5589,43,19,0,53,7,0,W
6/28/2012,9:32 AM,266,747,658,1030,6,6,0,57,3,0,W
6/28/2012,9:33 AM,229,984,761,1265,7,6,0,45,15,0,W
6/28/2012,9:34 AM,1307,2017,1637,2908,19,0,0,54,6,0,W
6/28/2012,9:35 AM,451,911,760,1269,7,0,0,32,28,0,W
6/28/2012,9:36 AM,160,322,233,428,1,0,0,19,41,0,W
6/28/2012,9:37 AM,212,278,692,775,3,0,0,20,40,0,W
6/28/2012,9:38 AM,0,4,7,8,0,0,0,0,60,0,W
6/28/2012,9:39 AM,0,14,39,41,0,0,0,0,60,0,S
6/28/2012,9:40 AM,266,467,467,712,3,0,0,30,30,0,S
6/28/2012,9:41 AM,0,0,22,22,0,0,0,0,60,0,S
6/28/2012,9:42 AM,0,0,8,8,0,0,0,0,60,0,S
6/28/2012,9:43 AM,0,0,0,0,0,0,0,0,60,0,S
6/28/2012,9:44 AM,0,0,32,32,0,0,0,0,60,0,S
6/28/2012,9:45 AM,0,0,17,17,0,0,0,0,60,0,S
6/28/2012,9:46 AM,0,0,84,84,0,0,0,0,60,0,S
6/28/2012,9:47 AM,0,0,14,14,0,0,0,0,60,0,S
6/28/2012,9:48 AM,0,0,73,73,0,0,0,0,60,0,S
6/28/2012,9:49 AM,0,0,112,112,0,0,0,0,42,18,S
6/28/2012,9:50 AM,103,176,85,221,1,0,0,10,30,20,S
6/28/2012,9:51 AM,53,140,0,150,0,0,0,0,60,0,S
6/28/2012,9:52 AM,49,258,220,343,1,0,0,0,60,0,S
6/28/2012,9:53 AM,8,9,99,100,0,0,0,0,60,0,S
6/28/2012,9:54 AM,0,0,62,62,0,0,0,0,60,0,S
6/28/2012,9:55 AM,0,0,72,72,0,0,0,0,60,0,S
6/28/2012,9:56 AM,0,0,0,0,0,0,0,0,60,0,S
6/28/2012,9:57 AM,0,0,28,28,0,0,0,0,60,0,S
6/28/2012,9:58 AM,0,0,43,43,0,0,0,0,60,0,S
6/28/2012,9:59 AM,0,0,0,0,0,0,0,0,60,0,S
6/28/2012,10:00 AM,0,0,0,0,0,0,0,0,60,0,S
6/28/2012,10:01 AM,0,0,31,31,0,0,0,0,60,0,S
6/28/2012,10:02 AM,0,0,0,0,0,0,0,0,60,0,S
6/28/2012,10:03 AM,0,0,0,0,0,0,0,0,60,0,S
6/28/2012,10:04 AM,0,0,12,12,0,0,0,0,60,0,S
6/28/2012,10:05 AM,0,0,3,3,0,0,0,0,60,0,S
6/28/2012,10:06 AM,0,0,0,0,0,0,0,0,60,0,S
6/28/2012,10:07 AM,0,0,0,0,0,0,0,0,60,0,S
6/28/2012,10:08 AM,0,0,0,0,0,0,0,0,60,0,S
6/28/2012,10:09 AM,0,0,38,38,0,0,0,0,60,0,S
6/28/2012,10:10 AM,5,0,0,5,0,0,0,0,60,0,S
6/28/2012,10:11 AM,1,6,12,13,1,0,0,0,60,0,S
6/28/2012,10:12 AM,12,0,32,34,0,0,0,0,60,0,S
6/28/2012,10:13 AM,98,257,107,295,1,0,0,10,50,0,S
6/28/2012,10:14 AM,0,0,2,2,0,0,0,0,60,0,S
6/28/2012,10:15 AM,0,270,38,273,0,0,0,0,60,0,S
6/28/2012,10:16 AM,0,0,0,0,0,0,0,0,60,0,S
6/28/2012,10:17 AM,0,0,0,0,0,0,0,0,60,0,S
6/28/2012,10:18 AM,0,0,0,0,0,0,0,0,60,0,S
6/28/2012,10:19 AM,0,0,0,0,0,0,0,0,60,0,W
6/28/2012,10:20 AM,0,0,0,0,0,0,0,0,60,0,W
6/28/2012,10:21 AM,2462,3511,1129,4434,37,108,0,30,30,0,W
6/28/2012,10:22 AM,1808,3354,1488,4091,41,1409,0,60,0,0,W
6/28/2012,10:23 AM,2260,3193,1267,4112,40,1418,0,60,0,0,W
6/28/2012,10:24 AM,3081,3448,902,4711,37,17,0,30,30,0,W
6/28/2012,10:25 AM,59,291,252,389,2,0,0,0,60,0,W
6/28/2012,10:26 AM,90,268,59,289,1,0,0,10,50,0,W
6/28/2012,10:27 AM,0,0,0,0,0,0,0,0,60,0,W
6/28/2012,10:28 AM,0,0,50,50,0,0,0,0,60,0,W
6/28/2012,10:29 AM,90,302,163,355,1,0,0,10,50,0,S
6/28/2012,10:30 AM,8,0,131,131,0,0,0,0,60,0,S
6/28/2012,10:31 AM,0,0,70,70,0,0,0,0,60,0,S
6/28/2012,10:32 AM,19,0,34,39,1,0,0,0,60,0,S
6/28/2012,10:33 AM,0,0,47,47,0,0,0,0,60,0,S
6/28/2012,10:34 AM,0,0,0,0,0,0,0,0,60,0,S
6/28/2012,10:35 AM,0,0,22,22,0,0,0,0,60,0,S
6/28/2012,10:36 AM,0,0,0,0,0,0,0,0,60,0,S
6/28/2012,10:37 AM,243,266,235,430,1,0,0,10,50,0,S
6/28/2012,10:38 AM,77,53,211,231,2,0,0,10,50,0,S
6/28/2012,10:39 AM,0,0,75,75,0,0,0,0,60,0,S
6/28/2012,10:40 AM,41,20,153,160,1,0,0,0,60,0,S
6/28/2012,10:41 AM,0,17,166,167,0,0,0,0,60,0,S
6/28/2012,10:42 AM,10,10,98,99,1,0,0,0,60,0,S
6/28/2012,10:43 AM,0,0,59,59,0,0,0,0,60,0,S
6/28/2012,10:44 AM,14,6,141,142,1,0,0,0,60,0,S
6/28/2012,10:45 AM,0,0,0,0,0,0,0,0,60,0,S
6/28/2012,10:46 AM,0,0,0,0,0,0,0,0,60,0,S
6/28/2012,10:47 AM,0,0,0,0,0,0,0,0,60,0,S
6/28/2012,10:48 AM,22,50,68,87,1,0,0,0,60,0,S
6/28/2012,10:49 AM,0,0,60,60,0,0,0,0,60,0,S
6/28/2012,10:50 AM,0,0,0,0,0,0,0,0,60,0,S
6/28/2012,10:51 AM,0,0,34,34,0,0,0,0,60,0,W
6/28/2012,10:52 AM,49,73,30,93,0,0,0,0,60,0,W
6/28/2012,10:53 AM,3843,4133,2331,6106,56,932,0,57,3,0,W
6/28/2012,10:54 AM,0,0,0,0,0,2500,0,5,55,0,W
6/28/2012,10:55 AM,131,195,195,305,1,2500,0,14,26,20,W
6/28/2012,10:56 AM,2,32,6,33,0,2500,0,0,0,60,W
6/28/2012,10:57 AM,280,481,279,623,3,2487,0,10,0,50,W
6/28/2012,10:58 AM,284,328,336,549,3,2330,0,10,0,50,S
6/28/2012,10:59 AM,0,0,0,0,0,2497,0,0,0,60,S
6/28/2012,11:00 AM,0,0,0,0,0,2500,0,0,0,60,S
6/28/2012,11:01 AM,0,0,0,0,0,2500,0,0,0,60,S
6/28/2012,11:02 AM,0,0,0,0,0,2500,0,0,0,60,S
6/28/2012,11:03 AM,6,20,15,26,0,2500,20,0,0,40,S
6/28/2012,11:04 AM,695,1061,1037,1638,11,2120,0,43,7,10,W
6/28/2012,11:05 AM,248,397,311,562,4,1994,0,60,0,0,W
6/28/2012,11:06 AM,2888,3140,1228,4439,40,165,0,60,0,0,W
6/28/2012,11:07 AM,1172,1526,929,2137,17,4,0,20,40,0,W
6/28/2012,11:08 AM,0,3,28,28,0,0,0,0,60,0,W
6/28/2012,11:09 AM,76,283,377,477,2,0,0,0,60,0,W
6/28/2012,11:10 AM,0,5,61,61,0,0,0,0,60,0,W
6/28/2012,11:11 AM,0,0,0,0,0,0,0,0,60,0,W
6/28/2012,11:12 AM,0,0,0,0,0,0,0,0,60,0,S
6/28/2012,11:13 AM,0,0,67,67,0,0,0,0,60,0,S
6/28/2012,11:14 AM,0,0,61,61,0,0,0,0,60,0,S
6/28/2012,11:15 AM,0,0,0,0,0,0,0,0,60,0,S
6/28/2012,11:16 AM,0,0,0,0,0,0,0,0,60,0,S
6/28/2012,11:17 AM,0,0,0,0,0,0,0,0,60,0,S
6/28/2012,11:18 AM,0,0,0,0,0,0,0,0,60,0,S
6/28/2012,11:19 AM,0,0,0,0,0,0,0,0,60,0,S
6/28/2012,11:20 AM,0,0,43,43,0,0,0,0,60,0,S
6/28/2012,11:21 AM,0,0,0,0,0,0,0,0,60,0,S
6/28/2012,11:22 AM,0,0,0,0,0,0,0,0,60,0,S
6/28/2012,11:23 AM,0,0,0,0,0,0,0,0,60,0,S
6/28/2012,11:24 AM,0,0,5,5,0,0,0,0,60,0,S
6/28/2012,11:25 AM,128,303,71,337,1,0,0,10,50,0,S
6/28/2012,11:26 AM,0,0,0,0,0,0,0,0,60,0,S
6/28/2012,11:27 AM,0,0,0,0,0,0,0,0,60,0,S
6/28/2012,11:28 AM,0,0,0,0,0,0,0,0,60,0,S
6/28/2012,11:29 AM,0,0,0,0,0,0,0,0,60,0,S
6/28/2012,11:30 AM,0,0,0,0,0,0,30,0,30,0,S
6/28/2012,11:31 AM,0,0,0,0,0,0,50,0,10,0,S
6/28/2012,11:32 AM,0,0,0,0,0,0,0,0,60,0,S
6/28/2012,11:33 AM,0,5,0,5,0,0,0,0,60,0,S
6/28/2012,11:34 AM,39,202,29,208,1,0,0,0,60,0,S
6/28/2012,11:35 AM,0,0,0,0,0,0,0,0,60,0,S
6/28/2012,11:36 AM,0,0,0,0,0,0,0,0,60,0,S
6/28/2012,11:37 AM,135,500,412,662,3,0,0,11,49,0,S
6/28/2012,11:38 AM,0,0,45,45,0,0,0,0,60,0,S
6/28/2012,11:39 AM,0,0,47,47,0,0,0,0,60,0,S
6/28/2012,11:40 AM,0,0,26,26,0,0,0,0,60,0,S
6/28/2012,11:41 AM,0,0,22,22,0,0,0,0,60,0,S
6/28/2012,11:42 AM,0,0,71,71,0,0,0,0,60,0,S
6/28/2012,11:43 AM,0,0,86,86,0,0,0,0,60,0,S
6/28/2012,11:44 AM,0,0,50,50,0,0,0,0,60,0,S
6/28/2012,11:45 AM,98,197,166,276,1,0,0,17,43,0,S
6/28/2012,11:46 AM,139,369,90,404,3,0,0,10,50,0,S
6/28/2012,11:47 AM,0,0,0,0,0,0,0,0,60,0,S
6/28/2012,11:48 AM,55,33,11,65,1,0,0,0,60,0,S
6/28/2012,11:49 AM,0,0,32,32,0,0,0,0,60,0,S
6/28/2012,11:50 AM,12,5,51,53,1,0,0,0,60,0,S
6/28/2012,11:51 AM,48,53,192,205,2,0,0,0,60,0,S
6/28/2012,11:52 AM,0,0,21,21,0,0,0,0,60,0,S
6/28/2012,11:53 AM,106,242,125,292,1,0,0,10,40,0,S
