timestamp,axis1,axis2,axis3,sadeh,cole-kripke
2012-06-27T10:54:00Z,1465,1791,2572,W,W
2012-06-27T10:55:00Z,207,218,270,W,W
2012-06-27T10:56:00Z,169,257,270,W,W
2012-06-27T10:57:00Z,0,0,0,W,W
2012-06-27T10:58:00Z,157,174,248,W,W
2012-06-27T10:59:00Z,23,23,279,W,S
2012-06-27T11:00:00Z,0,0,0,S,S
2012-06-27T11:01:00Z,0,0,0,S,S
2012-06-27T11:02:00Z,0,0,0,S,S
2012-06-27T11:03:00Z,0,0,0,S,S
2012-06-27T11:04:00Z,0,0,0,S,S
2012-06-27T11:05:00Z,0,0,0,S,S
2012-06-27T11:06:00Z,1,18,0,S,S
2012-06-27T11:07:00Z,0,0,0,S,S
2012-06-27T11:08:00Z,0,0,0,S,S
2012-06-27T11:09:00Z,0,0,0,S,S
2012-06-27T11:10:00Z,0,0,0,S,S
2012-06-27T11:11:00Z,0,0,0,S,S
2012-06-27T11:12:00Z,0,0,0,S,S
2012-06-27T11:13:00Z,0,0,0,S,W
2012-06-27T11:14:00Z,298,256,438,W,W
2012-06-27T11:15:00Z,3215,1774,3188,W,W
2012-06-27T11:16:00Z,121,254,225,W,W
2012-06-27T11:17:00Z,230,371,218,W,W
2012-06-27T11:18:00Z,0,0,9,W,W
2012-06-27T11:19:00Z,491,724,613,W,W
2012-06-27T11:20:00Z,0,1,19,W,S
2012-06-27T11:21:00Z,49,242,191,W,S
2012-06-27T11:22:00Z,154,456,435,W,S
2012-06-27T11:23:00Z,66,146,152,W,S
2012-06-27T11:24:00Z,0,26,28,W,W
2012-06-27T11:25:00Z,0,41,96,S,W
2012-06-27T11:26:00Z,3959,2882,4118,W,W
2012-06-27T11:27:00Z,1144,1243,1944,W,W
2012-06-27T11:28:00Z,0,0,0,W,W
2012-06-27T11:29:00Z,0,0,0,W,W
2012-06-27T11:30:00Z,0,0,0,W,W
2012-06-27T11:31:00Z,0,0,0,W,W
2012-06-27T11:32:00Z,0,0,0,S,S
2012-06-27T11:33:00Z,0,0,0,S,S
2012-06-27T11:34:00Z,0,0,0,S,S
2012-06-27T11:35:00Z,0,0,0,S,S
2012-06-27T11:36:00Z,0,0,0,S,S
2012-06-27T11:37:00Z,0,0,0,S,S
2012-06-27T11:38:00Z,0,0,0,S,S
2012-06-27T11:39:00Z,0,0,0,S,S
2012-06-27T11:40:00Z,0,0,0,S,S
2012-06-27T11:41:00Z,0,0,0,S,S
2012-06-27T11:42:00Z,0,0,0,S,S
2012-06-27T11:43:00Z,0,0,0,S,S
2012-06-27T11:44:00Z,0,0,0,S,S
2012-06-27T11:45:00Z,0,0,0,S,S
2012-06-27T11:46:00Z,0,0,0,S,S
2012-06-27T11:47:00Z,705,840,1170,W,W
2012-06-27T11:48:00Z,7,0,4,W,W
2012-06-27T11:49:00Z,1720,1678,2120,W,W
2012-06-27T11:50:00Z,0,46,28,W,W
2012-06-27T11:51:00Z,0,51,36,W,W
2012-06-27T11:52:00Z,434,642,521,W,W
2012-06-27T11:53:00Z,2704,1777,2410,W,W
2012-06-27T11:54:00Z,1164,1359,1581,W,W
2012-06-27T11:55:00Z,3422,2529,3584,W,W
2012-06-27T11:56:00Z,0,8,0,W,W
2012-06-27T11:57:00Z,0,62,24,W,W
2012-06-27T11:58:00Z,0,0,0,W,W
2012-06-27T11:59:00Z,0,85,33,W,W
2012-06-27T12:00:00Z,170,133,266,W,W
2012-06-27T12:01:00Z,134,172,148,S,W
2012-06-27T12:02:00Z,1122,1257,1802,W,W
2012-06-27T12:03:00Z,0,0,0,S,W
2012-06-27T12:04:00Z,0,0,0,S,S
2012-06-27T12:05:00Z,0,0,0,S,S
2012-06-27T12:06:00Z,0,0,0,S,W
2012-06-27T12:07:00Z,0,0,0,S,S
2012-06-27T12:08:00Z,0,0,0,S,S
2012-06-27T12:09:00Z,0,0,0,S,S
2012-06-27T12:10:00Z,0,0,0,S,S
2012-06-27T12:11:00Z,0,0,0,S,S
2012-06-27T12:12:00Z,0,0,0,S,S
2012-06-27T12:13:00Z,0,0,0,S,S
2012-06-27T12:14:00Z,0,0,0,S,S
2012-06-27T12:15:00Z,0,0,0,S,S
2012-06-27T12:16:00Z,0,0,0,S,S
2012-06-27T12:17:00Z,0,0,0,S,S
2012-06-27T12:18:00Z,0,0,0,S,S
2012-06-27T12:19:00Z,0,0,0,S,S
2012-06-27T12:20:00Z,0,0,0,S,S
2012-06-27T12:21:00Z,0,0,0,S,S
2012-06-27T12:22:00Z,0,0,0,S,S
2012-06-27T12:23:00Z,0,0,0,S,S
2012-06-27T12:24:00Z,0,0,0,S,S
2012-06-27T12:25:00Z,0,0,0,S,S
2012-06-27T12:26:00Z,0,0,0,S,S
2012-06-27T12:27:00Z,0,0,0,S,S
2012-06-27T12:28:00Z,0,0,0,S,S
2012-06-27T12:29:00Z,0,0,0,S,S
2012-06-27T12:30:00Z,0,0,0,S,S
2012-06-27T12:31:00Z,0,0,0,S,S
2012-06-27T12:32:00Z,0,0,0,S,S
2012-06-27T12:33:00Z,0,0,0,S,S
2012-06-27T12:34:00Z,0,0,0,S,S
2012-06-27T12:35:00Z,0,0,0,S,S
2012-06-27T12:36:00Z,0,0,0,S,S
2012-06-27T12:37:00Z,139,131,102,S,W
2012-06-27T12:38:00Z,1331,801,1544,W,W
2012-06-27T12:39:00Z,0,31,6,S,W
2012-06-27T12:40:00Z,0,0,0,W,S
2012-06-27T12:41:00Z,0,2,0,W,S
2012-06-27T12:42:00Z,0,11,0,W,W
2012-06-27T12:43:00Z,0,0,0,W,W
2012-06-27T12:44:00Z,1665,1141,1375,W,W
2012-06-27T12:45:00Z,146,445,186,W,W
2012-06-27T12:46:00Z,34,353,131,W,W
2012-06-27T12:47:00Z,101,293,267,W,W
2012-06-27T12:48:00Z,46,120,255,W,W
2012-06-27T12:49:00Z,95,123,200,W,S
2012-06-27T12:50:00Z,16,17,53,W,S
2012-06-27T12:51:00Z,301,426,601,W,S
2012-06-27T12:52:00Z,15,111,159,W,S
2012-06-27T12:53:00Z,21,51,92,W,S
2012-06-27T12:54:00Z,37,123,148,W,W
2012-06-27T12:55:00Z,59,147,239,W,W
2012-06-27T12:56:00Z,1348,1068,1561,W,W
2012-06-27T12:57:00Z,0,0,0,W,W
2012-06-27T12:58:00Z,0,58,24,W,S
2012-06-27T12:59:00Z,0,61,31,W,S
2012-06-27T13:00:00Z,204,157,196,W,W
2012-06-27T13:01:00Z,0,0,0,W,W
2012-06-27T13:02:00Z,182,195,237,W,W
2012-06-27T13:03:00Z,2537,1945,2824,W,W
2012-06-27T13:04:00Z,0,32,77,W,W
2012-06-27T13:05:00Z,0,111,66,W,W
2012-06-27T13:06:00Z,112,254,232,W,W
2012-06-27T13:07:00Z,160,181,499,W,W
2012-06-27T13:08:00Z,234,291,480,W,S
2012-06-27T13:09:00Z,0,79,152,W,S
2012-06-27T13:10:00Z,78,71,243,W,S
2012-06-27T13:11:00Z,6,24,9,W,S
2012-06-27T13:12:00Z,0,0,5,W,S
2012-06-27T13:13:00Z,53,79,69,W,W
2012-06-27T13:14:00Z,96,264,180,W,W
2012-06-27T13:15:00Z,3018,2268,2584,W,W
2012-06-27T13:16:00Z,718,895,1016,W,W
2012-06-27T13:17:00Z,3860,2766,3901,W,W
2012-06-27T13:18:00Z,0,0,0,W,W
2012-06-27T13:19:00Z,33,76,112,W,W
2012-06-27T13:20:00Z,38,97,44,W,W
2012-06-27T13:21:00Z,0,17,6,W,W
2012-06-27T13:22:00Z,0,5,0,W,W
2012-06-27T13:23:00Z,0,0,0,S,W
2012-06-27T13:24:00Z,2537,1865,2534,W,W
2012-06-27T13:25:00Z,54,315,258,W,W
2012-06-27T13:26:00Z,1054,722,1065,W,W
2012-06-27T13:27:00Z,6,51,46,W,W
2012-06-27T13:28:00Z,675,514,318,W,W
2012-06-27T13:29:00Z,1233,1094,1193,W,W
2012-06-27T13:30:00Z,2430,1786,1892,W,W
2012-06-27T13:31:00Z,47,145,144,W,W
2012-06-27T13:32:00Z,26,47,64,W,W
2012-06-27T13:33:00Z,0,11,22,W,W
2012-06-27T13:34:00Z,1087,978,1036,W,W
2012-06-27T13:35:00Z,918,802,1216,W,W
2012-06-27T13:36:00Z,0,0,0,W,W
2012-06-27T13:37:00Z,475,492,877,W,W
2012-06-27T13:38:00Z,347,372,580,W,W
2012-06-27T13:39:00Z,116,149,203,W,W
2012-06-27T13:40:00Z,0,106,56,W,S
2012-06-27T13:41:00Z,0,7,0,W,S
2012-06-27T13:42:00Z,181,264,184,W,W
2012-06-27T13:43:00Z,95,68,184,W,S
2012-06-27T13:44:00Z,144,203,229,W,S
2012-06-27T13:45:00Z,88,167,168,W,S
2012-06-27T13:46:00Z,0,0,0,S,S
2012-06-27T13:47:00Z,0,0,0,S,S
2012-06-27T13:48:00Z,0,0,0,S,S
2012-06-27T13:49:00Z,0,0,0,S,S
2012-06-27T13:50:00Z,0,0,0,S,S
2012-06-27T13:51:00Z,0,0,0,S,S
2012-06-27T13:52:00Z,36,106,56,S,W
2012-06-27T13:53:00Z,6,40,20,S,W
2012-06-27T13:54:00Z,3332,2096,3091,W,W
2012-06-27T13:55:00Z,82,186,179,W,W
2012-06-27T13:56:00Z,1447,916,1391,W,W
2012-06-27T13:57:00Z,2296,1821,2319,W,W
2012-06-27T13:58:00Z,183,168,409,W,W
2012-06-27T13:59:00Z,46,162,49,W,W
2012-06-27T14:00:00Z,522,410,447,W,W
2012-06-27T14:01:00Z,20,49,30,W,W
2012-06-27T14:02:00Z,0,5,0,W,S
2012-06-27T14:03:00Z,271,440,378,W,W
2012-06-27T14:04:00Z,87,109,150,W,W
2012-06-27T14:05:00Z,52,470,346,W,S
2012-06-27T14:06:00Z,113,418,223,W,S
2012-06-27T14:07:00Z,115,228,248,W,S
2012-06-27T14:08:00Z,45,146,370,W,S
2012-06-27T14:09:00Z,62,245,144,W,S
2012-06-27T14:10:00Z,184,503,507,W,S
2012-06-27T14:11:00Z,231,308,248,W,S
2012-06-27T14:12:00Z,0,0,0,S,S
2012-06-27T14:13:00Z,0,0,6,S,S
2012-06-27T14:14:00Z,0,9,31,S,S
2012-06-27T14:15:00Z,130,269,292,W,S
2012-06-27T14:16:00Z,0,0,0,S,S
2012-06-27T14:17:00Z,39,24,41,S,S
2012-06-27T14:18:00Z,0,0,0,S,S
2012-06-27T14:19:00Z,0,0,0,S,S
2012-06-27T14:20:00Z,358,604,417,W,S
2012-06-27T14:21:00Z,33,178,176,W,W
2012-06-27T14:22:00Z,100,233,187,W,W
2012-06-27T14:23:00Z,2009,1837,2574,W,W
2012-06-27T14:24:00Z,45,101,143,W,W
2012-06-27T14:25:00Z,104,32,75,W,W
2012-06-27T14:26:00Z,0,1,0,W,W
2012-06-27T14:27:00Z,0,0,0,W,W
2012-06-27T14:28:00Z,121,361,159,W,S
2012-06-27T14:29:00Z,82,203,247,W,S
2012-06-27T14:30:00Z,118,375,308,W,S
2012-06-27T14:31:00Z,101,214,326,W,W
2012-06-27T14:32:00Z,350,550,770,W,W
2012-06-27T14:33:00Z,2129,1906,2619,W,W
2012-06-27T14:34:00Z,882,662,939,W,W
2012-06-27T14:35:00Z,2411,2220,3293,W,W
2012-06-27T14:36:00Z,2111,1777,2307,W,W
2012-06-27T14:37:00Z,3706,2462,3327,W,W
2012-06-27T14:38:00Z,2784,2508,2634,W,W
2012-06-27T14:39:00Z,62,89,41,W,W
2012-06-27T14:40:00Z,3513,2285,3248,W,W
2012-06-27T14:41:00Z,923,945,1420,W,W
2012-06-27T14:42:00Z,0,0,0,W,W
2012-06-27T14:43:00Z,19,39,349,W,W
2012-06-27T14:44:00Z,0,2,0,W,W
2012-06-27T14:45:00Z,188,309,422,W,W
2012-06-27T14:46:00Z,0,126,36,W,S
2012-06-27T14:47:00Z,224,382,513,W,S
2012-06-27T14:48:00Z,0,0,0,W,S
2012-06-27T14:49:00Z,0,0,0,W,S
2012-06-27T14:50:00Z,126,273,186,W,S
2012-06-27T14:51:00Z,27,215,190,W,S
2012-06-27T14:52:00Z,165,77,232,W,S
2012-06-27T14:53:00Z,348,438,485,W,W
2012-06-27T14:54:00Z,0,6,26,S,S
2012-06-27T14:55:00Z,0,0,7,S,S
2012-06-27T14:56:00Z,30,140,83,W,S
2012-06-27T14:57:00Z,0,0,0,S,S
2012-06-27T14:58:00Z,24,135,79,W,S
2012-06-27T14:59:00Z,0,4,9,S,S
2012-06-27T15:00:00Z,9,42,32,S,S
2012-06-27T15:01:00Z,0,20,17,S,S
2012-06-27T15:02:00Z,193,343,362,S,S
2012-06-27T15:03:00Z,74,73,270,S,S
2012-06-27T15:04:00Z,0,0,0,S,S
2012-06-27T15:05:00Z,0,216,101,S,S
2012-06-27T15:06:00Z,0,18,8,S,S
2012-06-27T15:07:00Z,0,20,9,S,S
2012-06-27T15:08:00Z,0,0,0,S,S
2012-06-27T15:09:00Z,116,70,173,S,S
2012-06-27T15:10:00Z,4,36,6,S,S
2012-06-27T15:11:00Z,0,12,4,S,S
2012-06-27T15:12:00Z,0,0,0,S,S
2012-06-27T15:13:00Z,116,291,216,W,S
2012-06-27T15:14:00Z,133,480,355,W,S
2012-06-27T15:15:00Z,129,133,79,W,S
2012-06-27T15:16:00Z,80,208,77,W,S
2012-06-27T15:17:00Z,59,379,108,W,S
2012-06-27T15:18:00Z,451,279,426,W,W
2012-06-27T15:19:00Z,0,41,17,W,S
2012-06-27T15:20:00Z,0,0,0,W,S
2012-06-27T15:21:00Z,125,147,138,W,S
2012-06-27T15:22:00Z,352,436,741,W,W
2012-06-27T15:23:00Z,80,326,766,W,S
2012-06-27T15:24:00Z,68,131,180,W,S
2012-06-27T15:25:00Z,21,121,183,W,S
2012-06-27T15:26:00Z,0,15,11,W,S
2012-06-27T15:27:00Z,0,0,1,W,S
2012-06-27T15:28:00Z,41,58,39,S,S
2012-06-27T15:29:00Z,0,44,7,S,S
2012-06-27T15:30:00Z,26,241,31,S,S
2012-06-27T15:31:00Z,63,107,41,S,S
2012-06-27T15:32:00Z,0,42,19,S,S
2012-06-27T15:33:00Z,118,66,122,W,S
2012-06-27T15:34:00Z,84,87,56,W,S
2012-06-27T15:35:00Z,140,454,212,W,S
2012-06-27T15:36:00Z,187,678,432,W,S
2012-06-27T15:37:00Z,87,144,255,W,S
2012-06-27T15:38:00Z,153,498,110,W,S
2012-06-27T15:39:00Z,55,69,385,W,S
2012-06-27T15:40:00Z,11,36,63,W,W
2012-06-27T15:41:00Z,239,392,773,W,W
2012-06-27T15:42:00Z,3850,2785,3820,W,W
2012-06-27T15:43:00Z,2653,1852,2648,W,W
2012-06-27T15:44:00Z,51,292,201,W,W
2012-06-27T15:45:00Z,3868,2365,3402,W,W
2012-06-27T15:46:00Z,574,552,890,W,W
2012-06-27T15:47:00Z,0,17,384,W,W
2012-06-27T15:48:00Z,27,80,25,W,W
2012-06-27T15:49:00Z,25,34,68,W,W
2012-06-27T15:50:00Z,2,74,3,W,S
2012-06-27T15:51:00Z,1,38,26,W,S
2012-06-27T15:52:00Z,51,36,81,W,S
2012-06-27T15:53:00Z,68,112,173,W,S
2012-06-27T15:54:00Z,65,88,81,W,S
2012-06-27T15:55:00Z,47,64,86,W,S
2012-06-27T15:56:00Z,301,541,642,W,W
2012-06-27T15:57:00Z,387,825,444,W,W
2012-06-27T15:58:00Z,702,1151,1101,W,W
2012-06-27T15:59:00Z,3367,2185,3039,W,W
2012-06-27T16:00:00Z,34,149,111,W,W
2012-06-27T16:01:00Z,0,0,14,W,W
2012-06-27T16:02:00Z,92,201,184,W,W
2012-06-27T16:03:00Z,3932,2511,3834,W,W
2012-06-27T16:04:00Z,295,305,396,W,W
2012-06-27T16:05:00Z,0,0,0,W,W
2012-06-27T16:06:00Z,0,42,44,W,W
2012-06-27T16:07:00Z,1278,951,923,W,W
2012-06-27T16:08:00Z,392,267,406,W,W
2012-06-27T16:09:00Z,2120,767,1572,W,W
2012-06-27T16:10:00Z,2301,1844,2128,W,W
2012-06-27T16:11:00Z,16,17,12,W,W
2012-06-27T16:12:00Z,43,53,85,W,W
2012-06-27T16:13:00Z,15,14,12,W,W
2012-06-27T16:14:00Z,0,0,0,W,W
2012-06-27T16:15:00Z,0,0,11,S,S
2012-06-27T16:16:00Z,32,37,69,S,S
2012-06-27T16:17:00Z,44,22,56,S,S
2012-06-27T16:18:00Z,3,80,23,S,S
2012-06-27T16:19:00Z,0,0,0,S,S
2012-06-27T16:20:00Z,2,14,0,S,S
2012-06-27T16:21:00Z,0,4,0,S,S
2012-06-27T16:22:00Z,21,29,21,S,S
2012-06-27T16:23:00Z,108,58,58,S,S
2012-06-27T16:24:00Z,0,0,0,S,S
2012-06-27T16:25:00Z,7,0,0,S,S
2012-06-27T16:26:00Z,0,0,0,S,S
2012-06-27T16:27:00Z,0,0,3,S,S
2012-06-27T16:28:00Z,0,0,0,S,S
2012-06-27T16:29:00Z,0,0,5,S,S
2012-06-27T16:30:00Z,0,2,6,S,S
2012-06-27T16:31:00Z,7,0,50,S,S
2012-06-27T16:32:00Z,0,0,0,S,S
2012-06-27T16:33:00Z,0,0,0,S,S
2012-06-27T16:34:00Z,0,0,0,S,S
2012-06-27T16:35:00Z,0,0,0,S,S
2012-06-27T16:36:00Z,0,8,37,S,S
2012-06-27T16:37:00Z,0,4,13,S,S
2012-06-27T16:38:00Z,12,0,79,S,S
2012-06-27T16:39:00Z,0,0,4,S,S
2012-06-27T16:40:00Z,0,9,9,S,S
2012-06-27T16:41:00Z,0,0,0,S,S
2012-06-27T16:42:00Z,0,0,0,S,S
2012-06-27T16:43:00Z,48,84,37,S,S
2012-06-27T16:44:00Z,62,85,38,S,S
2012-06-27T16:45:00Z,0,14,0,S,W
2012-06-27T16:46:00Z,1,78,0,W,W
2012-06-27T16:47:00Z,3800,2684,3518,W,W
2012-06-27T16:48:00Z,3281,2084,2762,W,W
2012-06-27T16:49:00Z,6275,4447,5356,W,W
2012-06-27T16:50:00Z,405,567,558,W,W
2012-06-27T16:51:00Z,53,125,61,W,W
2012-06-27T16:52:00Z,0,0,0,W,W
2012-06-27T16:53:00Z,1809,1636,1926,W,W
2012-06-27T16:54:00Z,7599,5995,8152,W,W
2012-06-27T16:55:00Z,731,637,652,W,W
2012-06-27T16:56:00Z,1491,1171,1172,W,W
2012-06-27T16:57:00Z,689,451,643,W,W
2012-06-27T16:58:00Z,3640,2517,3358,W,W
2012-06-27T16:59:00Z,8581,6267,8607,W,W
2012-06-27T17:00:00Z,7677,6347,7955,W,W
2012-06-27T17:01:00Z,6495,5543,7945,W,W
2012-06-27T17:02:00Z,9482,7517,10373,W,W
2012-06-27T17:03:00Z,1366,1319,1582,W,W
2012-06-27T17:04:00Z,122,175,228,W,W
2012-06-27T17:05:00Z,2985,2345,3280,W,W
2012-06-27T17:06:00Z,6648,3904,4790,W,W
2012-06-27T17:07:00Z,7536,5276,7356,W,W
2012-06-27T17:08:00Z,4120,3152,3377,W,W
2012-06-27T17:09:00Z,1714,1538,1862,W,W
2012-06-27T17:10:00Z,4345,2747,3989,W,W
2012-06-27T17:11:00Z,0,34,4,W,W
2012-06-27T17:12:00Z,0,0,0,W,W
2012-06-27T17:13:00Z,0,0,0,W,W
2012-06-27T17:14:00Z,0,0,0,W,W
2012-06-27T17:15:00Z,29,159,62,W,S
2012-06-27T17:16:00Z,7,75,7,S,S
2012-06-27T17:17:00Z,67,120,62,S,S
2012-06-27T17:18:00Z,0,0,4,S,S
2012-06-27T17:19:00Z,0,17,9,S,W
2012-06-27T17:20:00Z,177,265,119,W,W
2012-06-27T17:21:00Z,3072,2471,2847,W,W
2012-06-27T17:22:00Z,1717,1520,2213,W,W
2012-06-27T17:23:00Z,3586,2954,3465,W,W
2012-06-27T17:24:00Z,2410,1504,2085,W,W
2012-06-27T17:25:00Z,535,793,769,W,W
2012-06-27T17:26:00Z,0,314,255,W,W
2012-06-27T17:27:00Z,532,599,581,W,W
2012-06-27T17:28:00Z,0,0,0,W,W
2012-06-27T17:29:00Z,0,0,0,W,S
2012-06-27T17:30:00Z,0,0,0,W,S
2012-06-27T17:31:00Z,77,67,235,W,S
2012-06-27T17:32:00Z,0,0,0,S,S
2012-06-27T17:33:00Z,0,0,0,S,S
2012-06-27T17:34:00Z,0,0,0,S,S
2012-06-27T17:35:00Z,0,0,0,S,S
2012-06-27T17:36:00Z,0,0,0,S,S
2012-06-27T17:37:00Z,0,3,0,S,W
2012-06-27T17:38:00Z,61,58,32,W,W
2012-06-27T17:39:00Z,2915,2005,2776,W,W
2012-06-27T17:40:00Z,2286,1578,2249,W,W
2012-06-27T17:41:00Z,2261,1175,1923,W,W
2012-06-27T17:42:00Z,2323,1561,2648,W,W
2012-06-27T17:43:00Z,902,788,814,W,W
2012-06-27T17:44:00Z,2935,2829,2982,W,W
2012-06-27T17:45:00Z,2582,2232,2724,W,W
2012-06-27T17:46:00Z,2127,1890,1884,W,W
2012-06-27T17:47:00Z,1078,943,1416,W,W
2012-06-27T17:48:00Z,3478,2270,2716,W,W
2012-06-27T17:49:00Z,53,334,215,W,W
2012-06-27T17:50:00Z,0,0,2,W,W
2012-06-27T17:51:00Z,24,130,169,W,W
2012-06-27T17:52:00Z,470,467,557,W,W
2012-06-27T17:53:00Z,0,21,23,W,S
2012-06-27T17:54:00Z,14,200,92,W,W
2012-06-27T17:55:00Z,531,644,648,W,W
2012-06-27T17:56:00Z,1067,1231,1379,W,W
2012-06-27T17:57:00Z,29,187,206,W,W
2012-06-27T17:58:00Z,1405,1368,1214,W,W
2012-06-27T17:59:00Z,711,764,839,W,W
2012-06-27T18:00:00Z,81,266,270,W,W
2012-06-27T18:01:00Z,42,106,105,W,W
2012-06-27T18:02:00Z,0,44,21,W,W
2012-06-27T18:03:00Z,14,22,55,W,S
2012-06-27T18:04:00Z,0,0,0,S,S
2012-06-27T18:05:00Z,32,0,26,S,S
2012-06-27T18:06:00Z,21,25,36,S,S
2012-06-27T18:07:00Z,0,0,0,S,S
2012-06-27T18:08:00Z,35,2,30,S,S
2012-06-27T18:09:00Z,0,0,0,S,S
2012-06-27T18:10:00Z,126,333,430,S,S
2012-06-27T18:11:00Z,0,0,0,S,S
2012-06-27T18:12:00Z,0,4,0,S,S
2012-06-27T18:13:00Z,167,281,186,W,W
2012-06-27T18:14:00Z,218,418,312,W,W
2012-06-27T18:15:00Z,2474,2690,3014,W,W
2012-06-27T18:16:00Z,958,1256,1241,W,W
2012-06-27T18:17:00Z,3151,2844,3745,W,W
2012-06-27T18:18:00Z,2659,2964,3036,W,W
2012-06-27T18:19:00Z,3152,2707,3233,W,W
2012-06-27T18:20:00Z,3090,2719,3436,W,W
2012-06-27T18:21:00Z,1880,2068,2311,W,W
2012-06-27T18:22:00Z,891,715,968,W,W
2012-06-27T18:23:00Z,2891,2725,3472,W,W
2012-06-27T18:24:00Z,133,282,324,W,W
2012-06-27T18:25:00Z,156,108,83,W,W
2012-06-27T18:26:00Z,19,108,185,W,W
2012-06-27T18:27:00Z,358,546,532,W,W
2012-06-27T18:28:00Z,62,19,40,W,S
2012-06-27T18:29:00Z,105,110,230,W,S
2012-06-27T18:30:00Z,0,0,0,W,S
2012-06-27T18:31:00Z,65,142,140,W,S
2012-06-27T18:32:00Z,73,30,44,W,S
2012-06-27T18:33:00Z,0,46,26,S,S
2012-06-27T18:34:00Z,0,0,0,S,S
2012-06-27T18:35:00Z,23,54,104,S,S
2012-06-27T18:36:00Z,0,0,0,S,W
2012-06-27T18:37:00Z,0,0,0,S,W
2012-06-27T18:38:00Z,1864,1611,2200,W,W
2012-06-27T18:39:00Z,96,153,204,W,W
2012-06-27T18:40:00Z,0,0,0,W,W
2012-06-27T18:41:00Z,85,204,318,W,W
2012-06-27T18:42:00Z,0,0,0,W,W
2012-06-27T18:43:00Z,0,0,0,W,S
2012-06-27T18:44:00Z,67,48,185,S,S
2012-06-27T18:45:00Z,1,5,33,S,S
2012-06-27T18:46:00Z,0,0,0,S,S
2012-06-27T18:47:00Z,0,0,0,S,S
2012-06-27T18:48:00Z,0,0,0,S,S
2012-06-27T18:49:00Z,0,0,0,S,W
2012-06-27T18:50:00Z,308,273,421,W,W
2012-06-27T18:51:00Z,2098,1663,2135,W,W
2012-06-27T18:52:00Z,0,0,0,W,W
2012-06-27T18:53:00Z,94,96,119,W,W
2012-06-27T18:54:00Z,2307,1768,2567,W,W
2012-06-27T18:55:00Z,0,0,0,W,W
2012-06-27T18:56:00Z,0,0,14,W,W
2012-06-27T18:57:00Z,0,0,11,W,W
2012-06-27T18:58:00Z,0,0,0,W,W
2012-06-27T18:59:00Z,172,343,433,W,S
2012-06-27T19:00:00Z,0,0,0,S,S
2012-06-27T19:01:00Z,0,0,0,S,S
2012-06-27T19:02:00Z,117,134,248,W,S
2012-06-27T19:03:00Z,0,0,0,S,S
2012-06-27T19:04:00Z,0,0,0,S,S
2012-06-27T19:05:00Z,74,43,86,S,S
2012-06-27T19:06:00Z,0,0,0,S,S
2012-06-27T19:07:00Z,75,172,192,S,S
2012-06-27T19:08:00Z,0,0,0,S,S
2012-06-27T19:09:00Z,0,0,0,S,S
2012-06-27T19:10:00Z,0,0,0,S,S
2012-06-27T19:11:00Z,0,0,0,S,S
2012-06-27T19:12:00Z,36,140,148,S,S
2012-06-27T19:13:00Z,0,0,0,S,S
2012-06-27T19:14:00Z,0,0,41,S,S
2012-06-27T19:15:00Z,0,0,38,S,S
2012-06-27T19:16:00Z,0,0,44,S,S
2012-06-27T19:17:00Z,0,0,0,S,S
2012-06-27T19:18:00Z,0,0,0,S,S
2012-06-27T19:19:00Z,0,4,30,S,S
2012-06-27T19:20:00Z,0,0,20,S,S
2012-06-27T19:21:00Z,0,0,0,S,S
2012-06-27T19:22:00Z,127,192,194,S,S
2012-06-27T19:23:00Z,0,0,0,S,W
2012-06-27T19:24:00Z,114,130,238,W,W
2012-06-27T19:25:00Z,3456,3021,3885,W,W
2012-06-27T19:26:00Z,327,550,553,W,W
2012-06-27T19:27:00Z,0,0,0,W,W
2012-06-27T19:28:00Z,1290,1097,1646,W,W
2012-06-27T19:29:00Z,1858,1610,1950,W,W
2012-06-27T19:30:00Z,0,0,0,W,W
2012-06-27T19:31:00Z,0,0,0,W,W
2012-06-27T19:32:00Z,0,0,0,W,W
2012-06-27T19:33:00Z,0,0,0,W,W
2012-06-27T19:34:00Z,0,0,0,S,S
2012-06-27T19:35:00Z,0,0,0,S,S
2012-06-27T19:36:00Z,45,43,148,S,S
2012-06-27T19:37:00Z,0,0,0,S,S
2012-06-27T19:38:00Z,0,0,0,S,S
2012-06-27T19:39:00Z,0,0,0,S,S
2012-06-27T19:40:00Z,21,24,107,S,S
2012-06-27T19:41:00Z,0,0,0,S,S
2012-06-27T19:42:00Z,6,19,43,S,S
2012-06-27T19:43:00Z,0,0,0,S,S
2012-06-27T19:44:00Z,0,0,0,S,S
2012-06-27T19:45:00Z,0,0,28,S,S
2012-06-27T19:46:00Z,20,25,50,S,W
2012-06-27T19:47:00Z,0,0,0,S,W
2012-06-27T19:48:00Z,1788,1186,1825,W,W
2012-06-27T19:49:00Z,589,864,1031,W,W
2012-06-27T19:50:00Z,0,0,0,W,W
2012-06-27T19:51:00Z,2354,1654,2237,W,W
2012-06-27T19:52:00Z,51,94,107,W,W
2012-06-27T19:53:00Z,0,0,0,W,W
2012-06-27T19:54:00Z,0,0,0,W,W
2012-06-27T19:55:00Z,0,0,0,S,W
2012-06-27T19:56:00Z,0,0,0,S,S
2012-06-27T19:57:00Z,96,169,169,S,S
2012-06-27T19:58:00Z,0,0,0,S,S
2012-06-27T19:59:00Z,0,0,0,S,S
2012-06-27T20:00:00Z,0,0,0,S,S
2012-06-27T20:01:00Z,5,0,20,S,S
2012-06-27T20:02:00Z,0,0,0,S,S
2012-06-27T20:03:00Z,0,0,26,S,S
2012-06-27T20:04:00Z,0,0,0,S,S
2012-06-27T20:05:00Z,0,0,0,S,S
2012-06-27T20:06:00Z,0,0,0,S,S
2012-06-27T20:07:00Z,0,0,0,S,S
2012-06-27T20:08:00Z,0,6,21,S,S
2012-06-27T20:09:00Z,0,9,5,S,S
2012-06-27T20:10:00Z,0,0,43,S,S
2012-06-27T20:11:00Z,0,0,0,S,S
2012-06-27T20:12:00Z,0,0,0,S,S
2012-06-27T20:13:00Z,0,0,0,S,S
2012-06-27T20:14:00Z,0,0,57,S,S
2012-06-27T20:15:00Z,0,0,0,S,S
2012-06-27T20:16:00Z,0,0,63,S,S
2012-06-27T20:17:00Z,0,0,33,S,S
2012-06-27T20:18:00Z,0,0,5,S,S
2012-06-27T20:19:00Z,0,0,6,S,S
2012-06-27T20:20:00Z,28,62,53,S,W
2012-06-27T20:21:00Z,1063,1102,1410,W,W
2012-06-27T20:22:00Z,2234,1576,2264,W,W
2012-06-27T20:23:00Z,243,376,476,W,W
2012-06-27T20:24:00Z,0,0,0,W,W
2012-06-27T20:25:00Z,2674,1924,2711,W,W
2012-06-27T20:26:00Z,34,18,182,W,W
2012-06-27T20:27:00Z,0,0,0,W,W
2012-06-27T20:28:00Z,0,0,0,W,W
2012-06-27T20:29:00Z,0,0,0,S,W
2012-06-27T20:30:00Z,0,0,0,S,S
2012-06-27T20:31:00Z,0,0,0,S,S
2012-06-27T20:32:00Z,47,46,107,S,S
2012-06-27T20:33:00Z,94,99,127,S,S
2012-06-27T20:34:00Z,0,43,66,S,S
2012-06-27T20:35:00Z,0,0,0,S,S
2012-06-27T20:36:00Z,0,0,0,S,S
2012-06-27T20:37:00Z,0,0,0,S,S
2012-06-27T20:38:00Z,0,0,0,S,S
2012-06-27T20:39:00Z,18,185,192,S,S
2012-06-27T20:40:00Z,0,0,46,S,S
2012-06-27T20:41:00Z,0,0,0,S,S
2012-06-27T20:42:00Z,0,0,1,S,S
2012-06-27T20:43:00Z,0,0,8,S,S
2012-06-27T20:44:00Z,0,0,0,S,W
2012-06-27T20:45:00Z,0,0,0,S,W
2012-06-27T20:46:00Z,2248,1931,2876,W,W
2012-06-27T20:47:00Z,720,1176,1121,W,W
2012-06-27T20:48:00Z,306,398,284,W,W
2012-06-27T20:49:00Z,963,780,1188,W,W
2012-06-27T20:50:00Z,2130,1863,2455,W,W
2012-06-27T20:51:00Z,0,0,0,W,W
2012-06-27T20:52:00Z,0,0,0,W,W
2012-06-27T20:53:00Z,0,0,0,W,W
2012-06-27T20:54:00Z,0,0,0,W,W
2012-06-27T20:55:00Z,0,0,0,S,S
2012-06-27T20:56:00Z,136,137,216,S,S
2012-06-27T20:57:00Z,0,0,0,S,S
2012-06-27T20:58:00Z,25,3,160,S,S
2012-06-27T20:59:00Z,0,3,9,S,S
2012-06-27T21:00:00Z,0,3,79,S,S
2012-06-27T21:01:00Z,0,0,0,S,S
2012-06-27T21:02:00Z,0,0,0,S,S
2012-06-27T21:03:00Z,14,6,72,S,S
2012-06-27T21:04:00Z,0,0,38,S,S
2012-06-27T21:05:00Z,0,0,0,S,S
2012-06-27T21:06:00Z,0,0,0,S,S
2012-06-27T21:07:00Z,6,6,122,S,S
2012-06-27T21:08:00Z,0,0,50,S,S
2012-06-27T21:09:00Z,13,19,6,S,S
2012-06-27T21:10:00Z,0,0,67,S,S
2012-06-27T21:11:00Z,0,0,0,S,S
2012-06-27T21:12:00Z,0,0,0,S,S
2012-06-27T21:13:00Z,18,8,75,S,S
2012-06-27T21:14:00Z,0,0,0,S,S
2012-06-27T21:15:00Z,0,0,0,S,S
2012-06-27T21:16:00Z,0,0,0,S,S
2012-06-27T21:17:00Z,0,2,30,S,S
2012-06-27T21:18:00Z,0,2,35,S,S
2012-06-27T21:19:00Z,0,0,0,S,S
2012-06-27T21:20:00Z,0,0,0,S,S
2012-06-27T21:21:00Z,5,3,51,S,S
2012-06-27T21:22:00Z,0,0,0,S,S
2012-06-27T21:23:00Z,0,0,0,S,S
2012-06-27T21:24:00Z,0,0,0,S,S
2012-06-27T21:25:00Z,44,34,98,S,W
2012-06-27T21:26:00Z,1203,853,1451,W,W
2012-06-27T21:27:00Z,1605,1568,2004,W,W
2012-06-27T21:28:00Z,136,512,364,W,W
2012-06-27T21:29:00Z,0,0,0,W,W
2012-06-27T21:30:00Z,3006,2250,3401,W,W
2012-06-27T21:31:00Z,0,40,7,W,W
2012-06-27T21:32:00Z,5,18,102,W,W
2012-06-27T21:33:00Z,2,10,44,W,W
2012-06-27T21:34:00Z,50,26,31,W,W
2012-06-27T21:35:00Z,0,0,0,S,S
2012-06-27T21:36:00Z,0,0,0,S,S
2012-06-27T21:37:00Z,0,0,0,S,S
2012-06-27T21:38:00Z,8,42,64,S,S
2012-06-27T21:39:00Z,0,0,0,S,S
2012-06-27T21:40:00Z,0,0,0,S,S
2012-06-27T21:41:00Z,0,0,0,S,S
2012-06-27T21:42:00Z,0,0,0,S,S
2012-06-27T21:43:00Z,0,0,0,S,S
2012-06-27T21:44:00Z,0,0,0,S,S
2012-06-27T21:45:00Z,0,0,0,S,S
2012-06-27T21:46:00Z,0,0,0,S,S
2012-06-27T21:47:00Z,83,173,296,S,S
2012-06-27T21:48:00Z,0,0,0,S,S
2012-06-27T21:49:00Z,4,0,35,S,S
2012-06-27T21:50:00Z,0,0,58,S,S
2012-06-27T21:51:00Z,0,0,68,S,S
2012-06-27T21:52:00Z,26,53,137,S,S
2012-06-27T21:53:00Z,30,127,99,S,S
2012-06-27T21:54:00Z,57,96,336,S,S
2012-06-27T21:55:00Z,9,8,108,S,S
2012-06-27T21:56:00Z,0,14,31,S,S
2012-06-27T21:57:00Z,0,0,0,S,S
2012-06-27T21:58:00Z,0,0,121,S,S
2012-06-27T21:59:00Z,0,2,19,S,S
2012-06-27T22:00:00Z,6,8,53,S,S
2012-06-27T22:01:00Z,20,23,128,S,S
2012-06-27T22:02:00Z,17,40,154,S,S
2012-06-27T22:03:00Z,0,0,14,S,S
2012-06-27T22:04:00Z,0,5,3,S,S
2012-06-27T22:05:00Z,0,0,2,S,S
2012-06-27T22:06:00Z,0,0,6,S,S
2012-06-27T22:07:00Z,11,8,43,S,W
2012-06-27T22:08:00Z,0,2,0,S,W
2012-06-27T22:09:00Z,2459,1953,2738,W,W
2012-06-27T22:10:00Z,1254,1728,1840,W,W
2012-06-27T22:11:00Z,616,1193,845,W,W
2012-06-27T22:12:00Z,0,0,0,W,W
2012-06-27T22:13:00Z,402,414,501,W,W
2012-06-27T22:14:00Z,1535,1615,1717,W,W
2012-06-27T22:15:00Z,1530,1322,1661,W,W
2012-06-27T22:16:00Z,2481,1934,3001,W,W
2012-06-27T22:17:00Z,967,995,1436,W,W
2012-06-27T22:18:00Z,2067,1714,2455,W,W
2012-06-27T22:19:00Z,5,153,345,W,W
2012-06-27T22:20:00Z,100,347,812,W,W
2012-06-27T22:21:00Z,4775,3725,5236,W,W
2012-06-27T22:22:00Z,690,442,658,W,W
2012-06-27T22:23:00Z,2266,2630,2461,W,W
2012-06-27T22:24:00Z,1250,1718,1310,W,W
2012-06-27T22:25:00Z,1363,1278,1217,W,W
2012-06-27T22:26:00Z,1903,1717,2338,W,W
2012-06-27T22:27:00Z,0,0,0,W,W
2012-06-27T22:28:00Z,1417,1382,1457,W,W
2012-06-27T22:29:00Z,902,955,1248,W,W
2012-06-27T22:30:00Z,0,0,0,W,W
2012-06-27T22:31:00Z,0,0,0,W,W
2012-06-27T22:32:00Z,0,0,0,W,W
2012-06-27T22:33:00Z,4709,3649,4808,W,W
2012-06-27T22:34:00Z,379,230,467,W,W
2012-06-27T22:35:00Z,0,0,0,W,W
2012-06-27T22:36:00Z,0,0,0,W,W
2012-06-27T22:37:00Z,0,0,0,W,W
2012-06-27T22:38:00Z,0,0,0,W,S
2012-06-27T22:39:00Z,8,17,23,S,S
2012-06-27T22:40:00Z,0,0,0,S,S
2012-06-27T22:41:00Z,0,0,0,S,S
2012-06-27T22:42:00Z,0,0,0,S,S
2012-06-27T22:43:00Z,0,0,0,S,S
2012-06-27T22:44:00Z,0,0,0,S,S
2012-06-27T22:45:00Z,0,0,0,S,W
2012-06-27T22:46:00Z,0,0,0,S,W
2012-06-27T22:47:00Z,2013,1743,2252,W,W
2012-06-27T22:48:00Z,0,16,107,W,W
2012-06-27T22:49:00Z,3258,2488,3470,W,W
2012-06-27T22:50:00Z,620,618,780,W,W
2012-06-27T22:51:00Z,14,0,0,W,W
2012-06-27T22:52:00Z,0,0,0,W,W
2012-06-27T22:53:00Z,2184,1954,2537,W,W
2012-06-27T22:54:00Z,5,28,35,W,W
2012-06-27T22:55:00Z,0,0,0,W,W
2012-06-27T22:56:00Z,0,0,0,S,W
2012-06-27T22:57:00Z,2,80,143,S,W
2012-06-27T22:58:00Z,0,0,0,S,S
2012-06-27T22:59:00Z,0,0,0,S,S
2012-06-27T23:00:00Z,0,0,0,S,S
2012-06-27T23:01:00Z,0,0,0,S,S
2012-06-27T23:02:00Z,0,23,39,S,S
2012-06-27T23:03:00Z,0,0,0,S,S
2012-06-27T23:04:00Z,0,9,15,S,S
2012-06-27T23:05:00Z,0,0,0,S,S
2012-06-27T23:06:00Z,0,0,0,S,S
2012-06-27T23:07:00Z,0,0,0,S,S
2012-06-27T23:08:00Z,0,25,30,S,S
2012-06-27T23:09:00Z,0,0,0,S,S
2012-06-27T23:10:00Z,37,25,56,S,S
2012-06-27T23:11:00Z,0,2,13,S,S
2012-06-27T23:12:00Z,0,0,0,S,S
2012-06-27T23:13:00Z,0,0,0,S,S
2012-06-27T23:14:00Z,0,6,4,S,W
2012-06-27T23:15:00Z,0,0,0,S,W
2012-06-27T23:16:00Z,1558,1401,1941,W,W
2012-06-27T23:17:00Z,203,444,380,W,W
2012-06-27T23:18:00Z,0,0,0,W,W
2012-06-27T23:19:00Z,2143,1554,2219,W,W
2012-06-27T23:20:00Z,24,116,167,W,W
2012-06-27T23:21:00Z,0,0,0,W,W
2012-06-27T23:22:00Z,0,0,0,W,W
2012-06-27T23:23:00Z,0,0,0,S,W
2012-06-27T23:24:00Z,0,3,0,S,S
2012-06-27T23:25:00Z,0,0,0,S,W
2012-06-27T23:26:00Z,0,0,0,S,W
2012-06-27T23:27:00Z,1954,1753,2495,W,W
2012-06-27T23:28:00Z,0,0,0,S,W
2012-06-27T23:29:00Z,16,271,118,W,W
2012-06-27T23:30:00Z,1318,1120,1342,W,W
2012-06-27T23:31:00Z,16,29,152,W,W
2012-06-27T23:32:00Z,0,0,0,W,S
2012-06-27T23:33:00Z,0,0,0,S,S
2012-06-27T23:34:00Z,0,0,0,S,W
2012-06-27T23:35:00Z,0,0,0,S,W
2012-06-27T23:36:00Z,1986,1698,2502,W,W
2012-06-27T23:37:00Z,0,11,20,S,W
2012-06-27T23:38:00Z,0,0,0,S,W
2012-06-27T23:39:00Z,0,0,0,S,W
2012-06-27T23:40:00Z,0,0,0,S,W
2012-06-27T23:41:00Z,0,27,25,W,S
2012-06-27T23:42:00Z,0,0,0,S,S
2012-06-27T23:43:00Z,0,0,0,S,S
2012-06-27T23:44:00Z,0,0,0,S,W
2012-06-27T23:45:00Z,299,479,402,W,W
2012-06-27T23:46:00Z,1910,1600,2346,W,W
2012-06-27T23:47:00Z,16,66,40,W,W
2012-06-27T23:48:00Z,783,843,815,W,W
2012-06-27T23:49:00Z,1145,1098,1350,W,W
2012-06-27T23:50:00Z,0,0,0,W,W
2012-06-27T23:51:00Z,0,0,0,W,W
2012-06-27T23:52:00Z,15,1,0,W,W
2012-06-27T23:53:00Z,0,26,23,W,W
2012-06-27T23:54:00Z,0,0,0,W,S
2012-06-27T23:55:00Z,0,21,7,S,W
2012-06-27T23:56:00Z,0,0,0,S,W
2012-06-27T23:57:00Z,2436,1903,2334,W,W
2012-06-27T23:58:00Z,2768,1938,2739,W,W
2012-06-27T23:59:00Z,243,242,385,W,W
2012-06-28T00:00:00Z,0,32,44,W,W
2012-06-28T00:01:00Z,0,0,0,W,W
2012-06-28T00:02:00Z,0,0,0,W,W
2012-06-28T00:03:00Z,0,0,0,S,S
2012-06-28T00:04:00Z,0,0,0,S,S
2012-06-28T00:05:00Z,0,0,0,S,S
2012-06-28T00:06:00Z,0,0,0,S,S
2012-06-28T00:07:00Z,0,0,0,S,S
2012-06-28T00:08:00Z,0,0,0,S,S
2012-06-28T00:09:00Z,0,0,0,S,S
2012-06-28T00:10:00Z,0,0,0,S,S
2012-06-28T00:11:00Z,0,0,0,S,S
2012-06-28T00:12:00Z,0,0,0,S,S
2012-06-28T00:13:00Z,0,0,0,S,S
2012-06-28T00:14:00Z,0,0,0,S,S
2012-06-28T00:15:00Z,0,0,0,S,S
2012-06-28T00:16:00Z,0,0,0,S,S
2012-06-28T00:17:00Z,0,0,0,S,S
2012-06-28T00:18:00Z,0,0,0,S,S
2012-06-28T00:19:00Z,0,0,0,S,S
2012-06-28T00:20:00Z,0,0,0,S,S
2012-06-28T00:21:00Z,0,0,0,S,S
2012-06-28T00:22:00Z,0,0,0,S,S
2012-06-28T00:23:00Z,0,0,0,S,S
2012-06-28T00:24:00Z,0,0,0,S,S
2012-06-28T00:25:00Z,0,0,0,S,S
2012-06-28T00:26:00Z,0,0,0,S,S
2012-06-28T00:27:00Z,0,0,0,S,S
2012-06-28T00:28:00Z,0,0,0,S,S
2012-06-28T00:29:00Z,0,0,0,S,S
2012-06-28T00:30:00Z,0,0,0,S,S
2012-06-28T00:31:00Z,0,0,0,S,S
2012-06-28T00:32:00Z,0,0,0,S,S
2012-06-28T00:33:00Z,0,0,0,S,S
2012-06-28T00:34:00Z,0,0,0,S,S
2012-06-28T00:35:00Z,0,0,0,S,S
2012-06-28T00:36:00Z,0,0,0,S,S
2012-06-28T00:37:00Z,0,0,0,S,S
2012-06-28T00:38:00Z,0,0,0,S,S
2012-06-28T00:39:00Z,0,0,0,S,S
2012-06-28T00:40:00Z,0,0,0,S,S
2012-06-28T00:41:00Z,0,0,0,S,S
2012-06-28T00:42:00Z,0,0,0,S,S
2012-06-28T00:43:00Z,0,0,0,S,S
2012-06-28T00:44:00Z,0,0,0,S,S
2012-06-28T00:45:00Z,0,0,0,S,S
2012-06-28T00:46:00Z,0,0,0,S,S
2012-06-28T00:47:00Z,0,0,0,S,S
2012-06-28T00:48:00Z,0,0,0,S,S
2012-06-28T00:49:00Z,0,0,0,S,S
2012-06-28T00:50:00Z,0,0,0,S,S
2012-06-28T00:51:00Z,0,0,0,S,S
2012-06-28T00:52:00Z,0,0,0,S,S
2012-06-28T00:53:00Z,0,0,0,S,S
2012-06-28T00:54:00Z,0,0,0,S,S
2012-06-28T00:55:00Z,0,0,0,S,S
2012-06-28T00:56:00Z,0,0,0,S,S
2012-06-28T00:57:00Z,0,0,0,S,S
2012-06-28T00:58:00Z,0,0,0,S,S
2012-06-28T00:59:00Z,0,0,0,S,S
2012-06-28T01:00:00Z,0,0,0,S,S
2012-06-28T01:01:00Z,0,0,0,S,S
2012-06-28T01:02:00Z,0,0,0,S,S
2012-06-28T01:03:00Z,0,0,0,S,S
2012-06-28T01:04:00Z,0,0,0,S,S
2012-06-28T01:05:00Z,0,0,0,S,S
2012-06-28T01:06:00Z,0,0,0,S,S
2012-06-28T01:07:00Z,0,0,0,S,S
2012-06-28T01:08:00Z,0,0,0,S,S
2012-06-28T01:09:00Z,0,0,0,S,S
2012-06-28T01:10:00Z,0,0,0,S,S
2012-06-28T01:11:00Z,0,0,0,S,S
2012-06-28T01:12:00Z,0,0,0,S,S
2012-06-28T01:13:00Z,0,0,0,S,S
2012-06-28T01:14:00Z,0,0,0,S,S
2012-06-28T01:15:00Z,0,0,0,S,S
2012-06-28T01:16:00Z,0,0,0,S,S
2012-06-28T01:17:00Z,0,0,0,S,S
2012-06-28T01:18:00Z,0,0,0,S,S
2012-06-28T01:19:00Z,0,0,0,S,S
2012-06-28T01:20:00Z,0,0,0,S,S
2012-06-28T01:21:00Z,0,0,0,S,S
2012-06-28T01:22:00Z,0,0,0,S,S
2012-06-28T01:23:00Z,0,0,0,S,S
2012-06-28T01:24:00Z,0,0,0,S,S
2012-06-28T01:25:00Z,0,0,0,S,S
2012-06-28T01:26:00Z,0,0,0,S,S
2012-06-28T01:27:00Z,0,0,0,S,S
2012-06-28T01:28:00Z,0,0,0,S,S
2012-06-28T01:29:00Z,0,0,0,S,S
2012-06-28T01:30:00Z,0,0,0,S,S
2012-06-28T01:31:00Z,0,0,0,S,S
2012-06-28T01:32:00Z,0,0,0,S,S
2012-06-28T01:33:00Z,0,0,0,S,S
2012-06-28T01:34:00Z,0,0,0,S,S
2012-06-28T01:35:00Z,0,0,0,S,S
2012-06-28T01:36:00Z,0,0,0,S,S
2012-06-28T01:37:00Z,0,0,0,S,S
2012-06-28T01:38:00Z,0,0,0,S,S
2012-06-28T01:39:00Z,0,0,0,S,S
2012-06-28T01:40:00Z,0,4,11,S,S
2012-06-28T01:41:00Z,0,0,0,S,S
2012-06-28T01:42:00Z,0,0,0,S,S
2012-06-28T01:43:00Z,0,0,0,S,S
2012-06-28T01:44:00Z,0,0,0,S,S
2012-06-28T01:45:00Z,0,0,0,S,S
2012-06-28T01:46:00Z,0,0,0,S,S
2012-06-28T01:47:00Z,0,0,0,S,S
2012-06-28T01:48:00Z,0,0,0,S,S
2012-06-28T01:49:00Z,0,0,0,S,S
2012-06-28T01:50:00Z,0,0,0,S,S
2012-06-28T01:51:00Z,0,0,0,S,S
2012-06-28T01:52:00Z,0,0,0,S,S
2012-06-28T01:53:00Z,0,0,0,S,S
2012-06-28T01:54:00Z,0,0,0,S,S
2012-06-28T01:55:00Z,0,0,0,S,S
2012-06-28T01:56:00Z,0,0,0,S,S
2012-06-28T01:57:00Z,0,0,0,S,S
2012-06-28T01:58:00Z,0,0,0,S,S
2012-06-28T01:59:00Z,0,0,0,S,S
2012-06-28T02:00:00Z,0,0,0,S,S
2012-06-28T02:01:00Z,0,0,0,S,S
2012-06-28T02:02:00Z,0,0,0,S,S
2012-06-28T02:03:00Z,0,0,0,S,S
2012-06-28T02:04:00Z,0,0,0,S,S
2012-06-28T02:05:00Z,0,0,0,S,S
2012-06-28T02:06:00Z,0,0,0,S,S
2012-06-28T02:07:00Z,0,0,0,S,S
2012-06-28T02:08:00Z,0,0,0,S,S
2012-06-28T02:09:00Z,0,0,0,S,S
2012-06-28T02:10:00Z,0,0,0,S,S
2012-06-28T02:11:00Z,0,0,0,S,S
2012-06-28T02:12:00Z,0,0,0,S,S
2012-06-28T02:13:00Z,0,0,0,S,S
2012-06-28T02:14:00Z,0,0,0,S,S
2012-06-28T02:15:00Z,0,0,0,S,S
2012-06-28T02:16:00Z,0,0,0,S,S
2012-06-28T02:17:00Z,0,0,0,S,S
2012-06-28T02:18:00Z,0,0,0,S,S
2012-06-28T02:19:00Z,0,0,0,S,S
2012-06-28T02:20:00Z,0,0,0,S,S
2012-06-28T02:21:00Z,0,0,0,S,S
2012-06-28T02:22:00Z,0,0,0,S,S
2012-06-28T02:23:00Z,0,0,0,S,S
2012-06-28T02:24:00Z,0,0,0,S,S
2012-06-28T02:25:00Z,0,0,0,S,S
2012-06-28T02:26:00Z,0,0,0,S,S
2012-06-28T02:27:00Z,0,0,0,S,S
2012-06-28T02:28:00Z,0,0,0,S,S
2012-06-28T02:29:00Z,0,0,0,S,S
2012-06-28T02:30:00Z,0,0,0,S,S
2012-06-28T02:31:00Z,0,0,0,S,S
2012-06-28T02:32:00Z,0,0,0,S,S
2012-06-28T02:33:00Z,0,0,0,S,S
2012-06-28T02:34:00Z,0,0,0,S,S
2012-06-28T02:35:00Z,0,0,0,S,S
2012-06-28T02:36:00Z,0,0,0,S,S
2012-06-28T02:37:00Z,123,86,57,S,S
2012-06-28T02:38:00Z,24,2,0,S,S
2012-06-28T02:39:00Z,0,0,0,S,S
2012-06-28T02:40:00Z,0,92,0,S,S
2012-06-28T02:41:00Z,3,348,24,S,S
2012-06-28T02:42:00Z,0,35,0,S,S
2012-06-28T02:43:00Z,0,0,0,S,S
2012-06-28T02:44:00Z,101,313,197,S,S
2012-06-28T02:45:00Z,143,246,302,S,S
2012-06-28T02:46:00Z,0,0,0,S,S
2012-06-28T02:47:00Z,0,0,0,S,S
2012-06-28T02:48:00Z,0,0,0,S,S
2012-06-28T02:49:00Z,0,0,0,S,S
2012-06-28T02:50:00Z,0,0,0,S,S
2012-06-28T02:51:00Z,0,0,0,S,S
2012-06-28T02:52:00Z,0,0,0,S,S
2012-06-28T02:53:00Z,0,0,0,S,S
2012-06-28T02:54:00Z,0,0,0,S,S
2012-06-28T02:55:00Z,0,0,17,S,S
2012-06-28T02:56:00Z,0,0,0,S,S
2012-06-28T02:57:00Z,0,0,0,S,S
2012-06-28T02:58:00Z,0,0,0,S,S
2012-06-28T02:59:00Z,0,0,0,S,S
2012-06-28T03:00:00Z,0,0,0,S,S
2012-06-28T03:01:00Z,0,0,0,S,S
2012-06-28T03:02:00Z,0,0,0,S,S
2012-06-28T03:03:00Z,0,0,0,S,S
2012-06-28T03:04:00Z,0,0,0,S,S
2012-06-28T03:05:00Z,0,0,0,S,S
2012-06-28T03:06:00Z,0,0,0,S,S
2012-06-28T03:07:00Z,0,0,0,S,S
2012-06-28T03:08:00Z,0,0,0,S,S
2012-06-28T03:09:00Z,0,0,0,S,S
2012-06-28T03:10:00Z,0,0,0,S,S
2012-06-28T03:11:00Z,0,0,0,S,S
2012-06-28T03:12:00Z,0,0,0,S,S
2012-06-28T03:13:00Z,0,0,0,S,S
2012-06-28T03:14:00Z,0,0,0,S,S
2012-06-28T03:15:00Z,0,0,0,S,S
2012-06-28T03:16:00Z,0,0,0,S,S
2012-06-28T03:17:00Z,0,0,0,S,S
2012-06-28T03:18:00Z,0,0,0,S,S
2012-06-28T03:19:00Z,68,445,128,S,S
2012-06-28T03:20:00Z,0,29,0,S,S
2012-06-28T03:21:00Z,0,0,0,S,S
2012-06-28T03:22:00Z,0,0,0,S,S
2012-06-28T03:23:00Z,95,682,365,S,S
2012-06-28T03:24:00Z,0,0,0,S,S
2012-06-28T03:25:00Z,0,0,0,S,S
2012-06-28T03:26:00Z,0,0,0,S,S
2012-06-28T03:27:00Z,0,0,0,S,S
2012-06-28T03:28:00Z,0,0,0,S,S
2012-06-28T03:29:00Z,0,0,0,S,S
2012-06-28T03:30:00Z,0,0,0,S,S
2012-06-28T03:31:00Z,0,0,0,S,S
2012-06-28T03:32:00Z,0,0,0,S,S
2012-06-28T03:33:00Z,0,0,0,S,S
2012-06-28T03:34:00Z,0,0,0,S,S
2012-06-28T03:35:00Z,0,0,0,S,S
2012-06-28T03:36:00Z,0,0,0,S,S
2012-06-28T03:37:00Z,0,0,0,S,S
2012-06-28T03:38:00Z,0,0,0,S,S
2012-06-28T03:39:00Z,0,0,0,S,S
2012-06-28T03:40:00Z,0,0,0,S,S
2012-06-28T03:41:00Z,0,0,0,S,S
2012-06-28T03:42:00Z,0,0,0,S,S
2012-06-28T03:43:00Z,0,0,0,S,S
2012-06-28T03:44:00Z,0,0,0,S,S
2012-06-28T03:45:00Z,0,0,0,S,S
2012-06-28T03:46:00Z,0,0,0,S,S
2012-06-28T03:47:00Z,0,0,0,S,S
2012-06-28T03:48:00Z,0,0,0,S,S
2012-06-28T03:49:00Z,0,0,0,S,S
2012-06-28T03:50:00Z,0,0,0,S,S
2012-06-28T03:51:00Z,0,0,0,S,S
2012-06-28T03:52:00Z,0,0,0,S,S
2012-06-28T03:53:00Z,0,0,0,S,S
2012-06-28T03:54:00Z,0,0,0,S,S
2012-06-28T03:55:00Z,0,0,0,S,S
2012-06-28T03:56:00Z,0,0,0,S,S
2012-06-28T03:57:00Z,0,0,0,S,S
2012-06-28T03:58:00Z,0,0,0,S,S
2012-06-28T03:59:00Z,106,89,58,S,S
2012-06-28T04:00:00Z,0,0,0,S,S
2012-06-28T04:01:00Z,0,0,0,S,S
2012-06-28T04:02:00Z,347,510,395,W,S
2012-06-28T04:03:00Z,0,0,0,S,S
2012-06-28T04:04:00Z,0,0,0,S,S
2012-06-28T04:05:00Z,0,0,0,S,S
2012-06-28T04:06:00Z,0,0,0,S,S
2012-06-28T04:07:00Z,0,0,0,S,S
2012-06-28T04:08:00Z,0,0,0,S,S
2012-06-28T04:09:00Z,0,16,38,S,S
2012-06-28T04:10:00Z,0,0,0,S,S
2012-06-28T04:11:00Z,0,0,0,S,S
2012-06-28T04:12:00Z,0,0,0,S,S
2012-06-28T04:13:00Z,0,0,0,S,S
2012-06-28T04:14:00Z,0,0,0,S,S
2012-06-28T04:15:00Z,0,0,0,S,S
2012-06-28T04:16:00Z,0,0,0,S,S
2012-06-28T04:17:00Z,0,0,0,S,S
2012-06-28T04:18:00Z,0,0,0,S,S
2012-06-28T04:19:00Z,0,0,0,S,S
2012-06-28T04:20:00Z,0,0,0,S,S
2012-06-28T04:21:00Z,0,0,0,S,S
2012-06-28T04:22:00Z,0,0,0,S,S
2012-06-28T04:23:00Z,0,0,0,S,S
2012-06-28T04:24:00Z,0,0,0,S,S
2012-06-28T04:25:00Z,0,0,0,S,S
2012-06-28T04:26:00Z,0,0,0,S,S
2012-06-28T04:27:00Z,0,0,0,S,S
2012-06-28T04:28:00Z,0,0,0,S,S
2012-06-28T04:29:00Z,0,0,0,S,S
2012-06-28T04:30:00Z,0,0,0,S,S
2012-06-28T04:31:00Z,0,0,0,S,S
2012-06-28T04:32:00Z,0,0,0,S,S
2012-06-28T04:33:00Z,0,15,39,S,S
2012-06-28T04:34:00Z,0,0,0,S,S
2012-06-28T04:35:00Z,0,0,0,S,S
2012-06-28T04:36:00Z,0,0,0,S,S
2012-06-28T04:37:00Z,0,0,0,S,S
2012-06-28T04:38:00Z,0,0,0,S,S
2012-06-28T04:39:00Z,0,0,0,S,S
2012-06-28T04:40:00Z,0,0,0,S,S
2012-06-28T04:41:00Z,0,0,0,S,S
2012-06-28T04:42:00Z,0,0,0,S,S
2012-06-28T04:43:00Z,0,0,0,S,S
2012-06-28T04:44:00Z,0,0,0,S,S
2012-06-28T04:45:00Z,0,0,0,S,S
2012-06-28T04:46:00Z,0,0,0,S,S
2012-06-28T04:47:00Z,0,0,0,S,S
2012-06-28T04:48:00Z,0,0,0,S,S
2012-06-28T04:49:00Z,0,0,0,S,S
2012-06-28T04:50:00Z,0,0,0,S,S
2012-06-28T04:51:00Z,0,0,0,S,S
2012-06-28T04:52:00Z,0,0,0,S,S
2012-06-28T04:53:00Z,145,415,124,S,S
2012-06-28T04:54:00Z,0,0,0,S,S
2012-06-28T04:55:00Z,0,0,0,S,S
2012-06-28T04:56:00Z,0,0,0,S,S
2012-06-28T04:57:00Z,0,0,0,S,S
2012-06-28T04:58:00Z,0,0,0,S,S
2012-06-28T04:59:00Z,0,0,0,S,S
2012-06-28T05:00:00Z,0,0,0,S,S
2012-06-28T05:01:00Z,0,0,0,S,S
2012-06-28T05:02:00Z,0,0,0,S,S
2012-06-28T05:03:00Z,0,0,0,S,S
2012-06-28T05:04:00Z,0,0,0,S,S
2012-06-28T05:05:00Z,0,0,0,S,S
2012-06-28T05:06:00Z,0,0,0,S,S
2012-06-28T05:07:00Z,0,0,0,S,S
2012-06-28T05:08:00Z,0,0,0,S,S
2012-06-28T05:09:00Z,0,0,0,S,S
2012-06-28T05:10:00Z,0,0,0,S,S
2012-06-28T05:11:00Z,0,0,0,S,S
2012-06-28T05:12:00Z,0,0,0,S,S
2012-06-28T05:13:00Z,0,0,0,S,S
2012-06-28T05:14:00Z,0,0,0,S,S
2012-06-28T05:15:00Z,0,0,0,S,S
2012-06-28T05:16:00Z,0,0,0,S,S
2012-06-28T05:17:00Z,0,0,0,S,S
2012-06-28T05:18:00Z,0,0,0,S,S
2012-06-28T05:19:00Z,0,0,0,S,S
2012-06-28T05:20:00Z,0,0,0,S,S
2012-06-28T05:21:00Z,0,0,0,S,S
2012-06-28T05:22:00Z,0,0,0,S,S
2012-06-28T05:23:00Z,36,71,5,S,S
2012-06-28T05:24:00Z,107,82,34,S,S
2012-06-28T05:25:00Z,0,0,0,S,S
2012-06-28T05:26:00Z,0,0,0,S,S
2012-06-28T05:27:00Z,0,0,0,S,S
2012-06-28T05:28:00Z,0,0,0,S,S
2012-06-28T05:29:00Z,0,0,0,S,S
2012-06-28T05:30:00Z,0,0,0,S,S
2012-06-28T05:31:00Z,0,0,0,S,S
2012-06-28T05:32:00Z,0,0,0,S,S
2012-06-28T05:33:00Z,0,0,0,S,S
2012-06-28T05:34:00Z,0,0,0,S,S
2012-06-28T05:35:00Z,0,0,0,S,S
2012-06-28T05:36:00Z,0,0,0,S,S
2012-06-28T05:37:00Z,0,0,0,S,S
2012-06-28T05:38:00Z,0,0,0,S,S
2012-06-28T05:39:00Z,60,79,226,S,S
2012-06-28T05:40:00Z,0,0,0,S,S
2012-06-28T05:41:00Z,0,0,0,S,S
2012-06-28T05:42:00Z,0,0,0,S,S
2012-06-28T05:43:00Z,0,0,0,S,S
2012-06-28T05:44:00Z,0,0,0,S,S
2012-06-28T05:45:00Z,0,0,0,S,S
2012-06-28T05:46:00Z,0,0,0,S,S
2012-06-28T05:47:00Z,0,0,0,S,S
2012-06-28T05:48:00Z,0,0,0,S,S
2012-06-28T05:49:00Z,458,569,531,W,W
2012-06-28T05:50:00Z,0,0,0,S,S
2012-06-28T05:51:00Z,0,0,0,S,S
2012-06-28T05:52:00Z,13,19,35,S,S
2012-06-28T05:53:00Z,0,0,0,S,S
2012-06-28T05:54:00Z,0,0,0,S,S
2012-06-28T05:55:00Z,0,0,0,S,S
2012-06-28T05:56:00Z,0,0,0,S,S
2012-06-28T05:57:00Z,0,0,0,S,S
2012-06-28T05:58:00Z,0,0,0,S,S
2012-06-28T05:59:00Z,0,0,0,S,S
2012-06-28T06:00:00Z,0,0,0,S,S
2012-06-28T06:01:00Z,0,0,0,S,S
2012-06-28T06:02:00Z,89,35,112,S,S
2012-06-28T06:03:00Z,0,0,0,S,S
2012-06-28T06:04:00Z,17,8,16,S,S
2012-06-28T06:05:00Z,0,0,0,S,S
2012-06-28T06:06:00Z,39,20,50,S,S
2012-06-28T06:07:00Z,0,0,0,S,S
2012-06-28T06:08:00Z,0,0,0,S,S
2012-06-28T06:09:00Z,0,0,0,S,S
2012-06-28T06:10:00Z,73,35,103,S,S
2012-06-28T06:11:00Z,0,0,0,S,S
2012-06-28T06:12:00Z,0,0,0,S,S
2012-06-28T06:13:00Z,0,0,0,S,S
2012-06-28T06:14:00Z,0,0,0,S,S
2012-06-28T06:15:00Z,11,66,165,S,S
2012-06-28T06:16:00Z,0,0,0,S,S
2012-06-28T06:17:00Z,0,0,0,S,S
2012-06-28T06:18:00Z,0,0,0,S,S
2012-06-28T06:19:00Z,0,0,0,S,S
2012-06-28T06:20:00Z,0,0,0,S,S
2012-06-28T06:21:00Z,0,0,0,S,S
2012-06-28T06:22:00Z,0,0,0,S,S
2012-06-28T06:23:00Z,0,0,0,S,S
2012-06-28T06:24:00Z,0,0,0,S,S
2012-06-28T06:25:00Z,0,0,0,S,S
2012-06-28T06:26:00Z,0,0,0,S,S
2012-06-28T06:27:00Z,0,0,0,S,S
2012-06-28T06:28:00Z,0,0,0,S,S
2012-06-28T06:29:00Z,0,0,0,S,S
2012-06-28T06:30:00Z,0,0,0,S,S
2012-06-28T06:31:00Z,0,0,0,S,S
2012-06-28T06:32:00Z,0,0,0,S,S
2012-06-28T06:33:00Z,0,0,0,S,S
2012-06-28T06:34:00Z,0,0,0,S,S
2012-06-28T06:35:00Z,0,0,0,S,S
2012-06-28T06:36:00Z,0,0,0,S,S
2012-06-28T06:37:00Z,0,0,0,S,S
2012-06-28T06:38:00Z,0,0,0,S,S
2012-06-28T06:39:00Z,0,0,0,S,S
2012-06-28T06:40:00Z,0,0,0,S,S
2012-06-28T06:41:00Z,0,0,0,S,S
2012-06-28T06:42:00Z,0,0,0,S,S
2012-06-28T06:43:00Z,0,0,0,S,S
2012-06-28T06:44:00Z,0,0,0,S,S
2012-06-28T06:45:00Z,0,0,0,S,S
2012-06-28T06:46:00Z,0,0,0,S,S
2012-06-28T06:47:00Z,0,0,0,S,S
2012-06-28T06:48:00Z,0,0,0,S,S
2012-06-28T06:49:00Z,0,0,0,S,S
2012-06-28T06:50:00Z,0,0,7,S,S
2012-06-28T06:51:00Z,0,0,0,S,S
2012-06-28T06:52:00Z,0,0,0,S,S
2012-06-28T06:53:00Z,0,0,0,S,S
2012-06-28T06:54:00Z,0,0,0,S,S
2012-06-28T06:55:00Z,0,0,0,S,S
2012-06-28T06:56:00Z,0,0,0,S,S
2012-06-28T06:57:00Z,0,0,0,S,S
2012-06-28T06:58:00Z,0,0,0,S,S
2012-06-28T06:59:00Z,0,0,0,S,S
2012-06-28T07:00:00Z,0,0,0,S,S
2012-06-28T07:01:00Z,0,0,0,S,S
2012-06-28T07:02:00Z,0,0,0,S,S
2012-06-28T07:03:00Z,0,0,0,S,S
2012-06-28T07:04:00Z,0,0,0,S,S
2012-06-28T07:05:00Z,0,0,0,S,S
2012-06-28T07:06:00Z,0,0,0,S,S
2012-06-28T07:07:00Z,0,0,0,S,S
2012-06-28T07:08:00Z,0,0,0,S,S
2012-06-28T07:09:00Z,0,0,0,S,S
2012-06-28T07:10:00Z,0,0,0,S,S
2012-06-28T07:11:00Z,0,0,0,S,S
2012-06-28T07:12:00Z,0,0,0,S,S
2012-06-28T07:13:00Z,0,0,0,S,S
2012-06-28T07:14:00Z,19,46,31,S,S
2012-06-28T07:15:00Z,0,0,0,S,S
2012-06-28T07:16:00Z,0,0,0,S,S
2012-06-28T07:17:00Z,0,0,0,S,S
2012-06-28T07:18:00Z,0,0,0,S,S
2012-06-28T07:19:00Z,0,0,0,S,S
2012-06-28T07:20:00Z,0,0,0,S,S
2012-06-28T07:21:00Z,0,0,0,S,S
2012-06-28T07:22:00Z,0,0,0,S,S
2012-06-28T07:23:00Z,0,0,0,S,S
2012-06-28T07:24:00Z,0,0,0,S,W
2012-06-28T07:25:00Z,927,918,1148,W,W
2012-06-28T07:26:00Z,1001,1014,1101,W,W
2012-06-28T07:27:00Z,1478,1370,1759,W,W
2012-06-28T07:28:00Z,598,688,884,W,W
2012-06-28T07:29:00Z,0,0,0,W,W
2012-06-28T07:30:00Z,0,39,6,W,W
2012-06-28T07:31:00Z,3026,2264,3162,W,W
2012-06-28T07:32:00Z,19,31,30,W,W
2012-06-28T07:33:00Z,0,0,0,W,W
2012-06-28T07:34:00Z,0,2,46,S,W
2012-06-28T07:35:00Z,0,0,0,W,W
2012-06-28T07:36:00Z,0,0,0,W,S
2012-06-28T07:37:00Z,0,0,0,S,S
2012-06-28T07:38:00Z,970,1018,1289,W,W
2012-06-28T07:39:00Z,10,66,59,W,W
2012-06-28T07:40:00Z,1421,1373,1631,W,W
2012-06-28T07:41:00Z,1021,997,1506,W,W
2012-06-28T07:42:00Z,0,0,6,W,W
2012-06-28T07:43:00Z,0,0,0,W,W
2012-06-28T07:44:00Z,0,0,0,W,W
2012-06-28T07:45:00Z,805,961,1429,W,W
2012-06-28T07:46:00Z,2052,1492,2020,W,W
2012-06-28T07:47:00Z,0,2,38,W,W
2012-06-28T07:48:00Z,38,27,120,W,W
2012-06-28T07:49:00Z,0,0,0,W,W
2012-06-28T07:50:00Z,0,1,20,W,W
2012-06-28T07:51:00Z,64,70,64,W,S
2012-06-28T07:52:00Z,0,0,0,S,S
2012-06-28T07:53:00Z,0,0,23,S,W
2012-06-28T07:54:00Z,0,0,0,S,W
2012-06-28T07:55:00Z,3288,3004,4432,W,W
2012-06-28T07:56:00Z,3376,3178,3562,W,W
2012-06-28T07:57:00Z,0,0,0,W,W
2012-06-28T07:58:00Z,25,66,48,W,W
2012-06-28T07:59:00Z,2245,1814,2526,W,W
2012-06-28T08:00:00Z,10,129,20,W,W
2012-06-28T08:01:00Z,0,0,0,W,W
2012-06-28T08:02:00Z,701,723,604,W,W
2012-06-28T08:03:00Z,140,136,74,W,W
2012-06-28T08:04:00Z,0,0,0,W,S
2012-06-28T08:05:00Z,0,0,0,S,S
2012-06-28T08:06:00Z,0,0,0,S,S
2012-06-28T08:07:00Z,0,0,0,S,S
2012-06-28T08:08:00Z,0,0,0,S,S
2012-06-28T08:09:00Z,0,0,0,S,S
2012-06-28T08:10:00Z,0,0,0,S,S
2012-06-28T08:11:00Z,0,0,0,S,S
2012-06-28T08:12:00Z,0,0,0,S,S
2012-06-28T08:13:00Z,0,0,0,S,S
2012-06-28T08:14:00Z,0,0,0,S,S
2012-06-28T08:15:00Z,0,0,0,S,S
2012-06-28T08:16:00Z,0,0,0,S,S
2012-06-28T08:17:00Z,0,0,0,S,S
2012-06-28T08:18:00Z,0,0,0,S,S
2012-06-28T08:19:00Z,0,0,0,S,S
2012-06-28T08:20:00Z,0,0,0,S,W
2012-06-28T08:21:00Z,860,905,1015,W,W
2012-06-28T08:22:00Z,2360,3250,1752,W,W
2012-06-28T08:23:00Z,3275,3557,2213,W,W
2012-06-28T08:24:00Z,4178,5453,2362,W,W
2012-06-28T08:25:00Z,2953,4059,2257,W,W
2012-06-28T08:26:00Z,961,1123,818,W,W
2012-06-28T08:27:00Z,84,86,211,W,W
2012-06-28T08:28:00Z,0,0,0,W,W
2012-06-28T08:29:00Z,104,93,439,W,W
2012-06-28T08:30:00Z,3330,3888,1803,W,W
2012-06-28T08:31:00Z,923,1123,561,W,W
2012-06-28T08:32:00Z,3,42,72,W,W
2012-06-28T08:33:00Z,23,76,18,W,W
2012-06-28T08:34:00Z,315,557,501,W,W
2012-06-28T08:35:00Z,16,121,65,W,W
2012-06-28T08:36:00Z,31,64,40,W,S
2012-06-28T08:37:00Z,0,2,11,S,S
2012-06-28T08:38:00Z,21,27,8,W,S
2012-06-28T08:39:00Z,18,135,54,W,S
2012-06-28T08:40:00Z,0,0,8,S,S
2012-06-28T08:41:00Z,59,152,62,W,S
2012-06-28T08:42:00Z,5,31,13,W,W
2012-06-28T08:43:00Z,97,354,288,W,W
2012-06-28T08:44:00Z,4112,4946,1783,W,W
2012-06-28T08:45:00Z,218,383,628,W,W
2012-06-28T08:46:00Z,4901,5646,2635,W,W
2012-06-28T08:47:00Z,1501,1880,714,W,W
2012-06-28T08:48:00Z,1439,1926,993,W,W
2012-06-28T08:49:00Z,85,85,233,W,W
2012-06-28T08:50:00Z,28,22,51,W,W
2012-06-28T08:51:00Z,0,0,0,W,W
2012-06-28T08:52:00Z,0,0,0,W,W
2012-06-28T08:53:00Z,0,0,0,W,S
2012-06-28T08:54:00Z,18,15,6,S,S
2012-06-28T08:55:00Z,80,53,76,S,S
2012-06-28T08:56:00Z,36,50,183,S,S
2012-06-28T08:57:00Z,0,0,0,S,S
2012-06-28T08:58:00Z,0,0,0,S,S
2012-06-28T08:59:00Z,0,0,0,S,S
2012-06-28T09:00:00Z,0,0,16,S,S
2012-06-28T09:01:00Z,24,23,26,S,S
2012-06-28T09:02:00Z,14,28,19,S,S
2012-06-28T09:03:00Z,8,39,6,S,S
2012-06-28T09:04:00Z,32,21,3,S,S
2012-06-28T09:05:00Z,45,83,91,S,S
2012-06-28T09:06:00Z,0,1,0,S,S
2012-06-28T09:07:00Z,0,0,17,S,S
2012-06-28T09:08:00Z,0,9,0,S,W
2012-06-28T09:09:00Z,187,74,114,W,W
2012-06-28T09:10:00Z,2590,3872,1969,W,W
2012-06-28T09:11:00Z,2661,2520,1494,W,W
2012-06-28T09:12:00Z,223,605,644,W,W
2012-06-28T09:13:00Z,35,456,199,W,W
2012-06-28T09:14:00Z,83,357,317,W,W
2012-06-28T09:15:00Z,258,513,380,W,W
2012-06-28T09:16:00Z,2846,2998,1474,W,W
2012-06-28T09:17:00Z,316,376,251,W,W
2012-06-28T09:18:00Z,26,2,30,W,W
2012-06-28T09:19:00Z,99,151,6,W,W
2012-06-28T09:20:00Z,0,0,0,W,W
2012-06-28T09:21:00Z,33,19,9,W,S
2012-06-28T09:22:00Z,86,2,0,W,S
2012-06-28T09:23:00Z,13,4,27,W,S
2012-06-28T09:24:00Z,19,27,1,W,S
2012-06-28T09:25:00Z,23,1,4,W,W
2012-06-28T09:26:00Z,405,664,759,W,W
2012-06-28T09:27:00Z,5449,5748,1985,W,W
2012-06-28T09:28:00Z,1893,2143,1436,W,W
2012-06-28T09:29:00Z,2069,2648,836,W,W
2012-06-28T09:30:00Z,703,690,365,W,W
2012-06-28T09:31:00Z,3092,4296,1796,W,W
2012-06-28T09:32:00Z,266,747,658,W,W
2012-06-28T09:33:00Z,229,984,761,W,W
2012-06-28T09:34:00Z,1307,2017,1637,W,W
2012-06-28T09:35:00Z,451,911,760,W,W
2012-06-28T09:36:00Z,160,322,233,W,W
2012-06-28T09:37:00Z,212,278,692,W,W
2012-06-28T09:38:00Z,0,4,7,W,W
2012-06-28T09:39:00Z,0,14,39,W,S
2012-06-28T09:40:00Z,266,467,467,W,S
2012-06-28T09:41:00Z,0,0,22,S,S
2012-06-28T09:42:00Z,0,0,8,S,S
2012-06-28T09:43:00Z,0,0,0,S,S
2012-06-28T09:44:00Z,0,0,32,S,S
2012-06-28T09:45:00Z,0,0,17,S,S
2012-06-28T09:46:00Z,0,0,84,S,S
2012-06-28T09:47:00Z,0,0,14,S,S
2012-06-28T09:48:00Z,0,0,73,S,S
2012-06-28T09:49:00Z,0,0,112,S,S
2012-06-28T09:50:00Z,103,176,85,S,S
2012-06-28T09:51:00Z,53,140,0,S,S
2012-06-28T09:52:00Z,49,258,220,S,S
2012-06-28T09:53:00Z,8,9,99,S,S
2012-06-28T09:54:00Z,0,0,62,S,S
2012-06-28T09:55:00Z,0,0,72,S,S
2012-06-28T09:56:00Z,0,0,0,S,S
2012-06-28T09:57:00Z,0,0,28,S,S
2012-06-28T09:58:00Z,0,0,43,S,S
2012-06-28T09:59:00Z,0,0,0,S,S
2012-06-28T10:00:00Z,0,0,0,S,S
2012-06-28T10:01:00Z,0,0,31,S,S
2012-06-28T10:02:00Z,0,0,0,S,S
2012-06-28T10:03:00Z,0,0,0,S,S
2012-06-28T10:04:00Z,0,0,12,S,S
2012-06-28T10:05:00Z,0,0,3,S,S
2012-06-28T10:06:00Z,0,0,0,S,S
2012-06-28T10:07:00Z,0,0,0,S,S
2012-06-28T10:08:00Z,0,0,0,S,S
2012-06-28T10:09:00Z,0,0,38,S,S
2012-06-28T10:10:00Z,5,0,0,S,S
2012-06-28T10:11:00Z,1,6,12,S,S
2012-06-28T10:12:00Z,12,0,32,S,S
2012-06-28T10:13:00Z,98,257,107,S,S
2012-06-28T10:14:00Z,0,0,2,S,S
2012-06-28T10:15:00Z,0,270,38,S,S
2012-06-28T10:16:00Z,0,0,0,S,S
2012-06-28T10:17:00Z,0,0,0,S,S
2012-06-28T10:18:00Z,0,0,0,S,S
2012-06-28T10:19:00Z,0,0,0,S,W
2012-06-28T10:20:00Z,0,0,0,S,W
2012-06-28T10:21:00Z,2462,3511,1129,W,W
2012-06-28T10:22:00Z,1808,3354,1488,W,W
2012-06-28T10:23:00Z,2260,3193,1267,W,W
2012-06-28T10:24:00Z,3081,3448,902,W,W
2012-06-28T10:25:00Z,59,291,252,W,W
2012-06-28T10:26:00Z,90,268,59,W,W
2012-06-28T10:27:00Z,0,0,0,W,W
2012-06-28T10:28:00Z,0,0,50,W,W
2012-06-28T10:29:00Z,90,302,163,W,S
2012-06-28T10:30:00Z,8,0,131,S,S
2012-06-28T10:31:00Z,0,0,70,S,S
2012-06-28T10:32:00Z,19,0,34,S,S
2012-06-28T10:33:00Z,0,0,47,S,S
2012-06-28T10:34:00Z,0,0,0,S,S
2012-06-28T10:35:00Z,0,0,22,S,S
2012-06-28T10:36:00Z,0,0,0,S,S
2012-06-28T10:37:00Z,243,266,235,W,S
2012-06-28T10:38:00Z,77,53,211,W,S
2012-06-28T10:39:00Z,0,0,75,S,S
2012-06-28T10:40:00Z,41,20,153,S,S
2012-06-28T10:41:00Z,0,17,166,S,S
2012-06-28T10:42:00Z,10,10,98,S,S
2012-06-28T10:43:00Z,0,0,59,S,S
2012-06-28T10:44:00Z,14,6,141,S,S
2012-06-28T10:45:00Z,0,0,0,S,S
2012-06-28T10:46:00Z,0,0,0,S,S
2012-06-28T10:47:00Z,0,0,0,S,S
2012-06-28T10:48:00Z,22,50,68,S,S
2012-06-28T10:49:00Z,0,0,60,S,S
2012-06-28T10:50:00Z,0,0,0,S,S
2012-06-28T10:51:00Z,0,0,34,S,W
2012-06-28T10:52:00Z,49,73,30,S,W
2012-06-28T10:53:00Z,3843,4133,2331,W,W
2012-06-28T10:54:00Z,0,0,0,W,W
2012-06-28T10:55:00Z,131,195,195,W,W
2012-06-28T10:56:00Z,2,32,6,W,W
2012-06-28T10:57:00Z,280,481,279,W,W
2012-06-28T10:58:00Z,284,328,336,W,S
2012-06-28T10:59:00Z,0,0,0,W,S
2012-06-28T11:00:00Z,0,0,0,W,S
2012-06-28T11:01:00Z,0,0,0,W,S
2012-06-28T11:02:00Z,0,0,0,W,S
2012-06-28T11:03:00Z,6,20,15,W,S
2012-06-28T11:04:00Z,695,1061,1037,W,W
2012-06-28T11:05:00Z,248,397,311,W,W
2012-06-28T11:06:00Z,2888,3140,1228,W,W
2012-06-28T11:07:00Z,1172,1526,929,W,W
2012-06-28T11:08:00Z,0,3,28,W,W
2012-06-28T11:09:00Z,76,283,377,W,W
2012-06-28T11:10:00Z,0,5,61,W,W
2012-06-28T11:11:00Z,0,0,0,W,W
2012-06-28T11:12:00Z,0,0,0,S,S
2012-06-28T11:13:00Z,0,0,67,S,S
2012-06-28T11:14:00Z,0,0,61,S,S
2012-06-28T11:15:00Z,0,0,0,S,S
2012-06-28T11:16:00Z,0,0,0,S,S
2012-06-28T11:17:00Z,0,0,0,S,S
2012-06-28T11:18:00Z,0,0,0,S,S
2012-06-28T11:19:00Z,0,0,0,S,S
2012-06-28T11:20:00Z,0,0,43,S,S
2012-06-28T11:21:00Z,0,0,0,S,S
2012-06-28T11:22:00Z,0,0,0,S,S
2012-06-28T11:23:00Z,0,0,0,S,S
2012-06-28T11:24:00Z,0,0,5,S,S
2012-06-28T11:25:00Z,128,303,71,S,S
2012-06-28T11:26:00Z,0,0,0,S,S
2012-06-28T11:27:00Z,0,0,0,S,S
2012-06-28T11:28:00Z,0,0,0,S,S
2012-06-28T11:29:00Z,0,0,0,S,S
2012-06-28T11:30:00Z,0,0,0,S,S
2012-06-28T11:31:00Z,0,0,0,S,S
2012-06-28T11:32:00Z,0,0,0,S,S
2012-06-28T11:33:00Z,0,5,0,S,S
2012-06-28T11:34:00Z,39,202,29,S,S
2012-06-28T11:35:00Z,0,0,0,S,S
2012-06-28T11:36:00Z,0,0,0,S,S
2012-06-28T11:37:00Z,135,500,412,S,S
2012-06-28T11:38:00Z,0,0,45,S,S
2012-06-28T11:39:00Z,0,0,47,S,S
2012-06-28T11:40:00Z,0,0,26,S,S
2012-06-28T11:41:00Z,0,0,22,S,S
2012-06-28T11:42:00Z,0,0,71,S,S
2012-06-28T11:43:00Z,0,0,86,S,S
2012-06-28T11:44:00Z,0,0,50,S,S
2012-06-28T11:45:00Z,98,197,166,S,S
2012-06-28T11:46:00Z,139,369,90,S,S
2012-06-28T11:47:00Z,0,0,0,S,S
2012-06-28T11:48:00Z,55,33,11,S,S
2012-06-28T11:49:00Z,0,0,32,S,S
2012-06-28T11:50:00Z,12,5,51,S,S
2012-06-28T11:51:00Z,48,53,192,S,S
2012-06-28T11:52:00Z,0,0,21,S,S
2012-06-28T11:53:00Z,106,242,125,S,S
